platform,title,summary,date,url,source,city,state,lat,lon,county,confidence
news,"Portland Police Respond to Protest Activity and Safety Concerns near ICE Building - City of Portland, Oregon (.gov)","<a href=""https://news.google.com/rss/articles/CBMiwgFBVV95cUxPMllkd0xzLVVpOHBvVjFXNkJNSjdmbjlocVZYTjcyTmg5LXpOQmlzRnJWT210SXFSUjlKRU42ckVPR21tWkNCYnBTNTB2SWh6ZDVJZ2RyVVlIOVZDS2xVQldnaEMyU2hGa055MGdjM3U1akdkXzB2c3B3clZlbEdDWGNoVEJ3TEhXSVhfTHpmT3lfUkc0UEN5MjBOSVpPNFZ1TUg2TUtxQ1RuNWxqYXNkSThUX0Q5dERPZi16MTdsVk9rUQ?oc=5"" target=""_blank"">Portland Police Respond to Protest Activity and Safety Concerns near ICE Building</a>&nbsp;&nbsp;<font color=""#6f6f6f"">City of Portland, Oregon (.gov)</font>","Mon, 09 Jun 2025 16:46:14 GMT",https://news.google.com/rss/articles/CBMiwgFBVV95cUxPMllkd0xzLVVpOHBvVjFXNkJNSjdmbjlocVZYTjcyTmg5LXpOQmlzRnJWT210SXFSUjlKRU42ckVPR21tWkNCYnBTNTB2SWh6ZDVJZ2RyVVlIOVZDS2xVQldnaEMyU2hGa055MGdjM3U1akdkXzB2c3B3clZlbEdDWGNoVEJ3TEhXSVhfTHpmT3lfUkc0UEN5MjBOSVpPNFZ1TUg2TUtxQ1RuNWxqYXNkSThUX0Q5dERPZi16MTdsVk9rUQ?oc=5,"City of Portland, Oregon (.gov)",Portland,OR,45.5371,-122.65,Multnomah,0.9
news,"Jan. 6 riot victims, Democrats see hypocrisy in Trump's response to L.A. protests - CBS News","<a href=""https://news.google.com/rss/articles/CBMic0FVX3lxTE1ldEMxMnF4UFQ2czNxM1VCRk1nZ3l1ZmJpQ0pVTlItOGxrSUFLU2RPaktEcWd2VmtXZ3F1ZENvc3ZxVHpCTTFweGpGSW90VnpNaWs1TUFwN1NMSUtMd3BFeXRoaUJacEZkQnFTNG9hSW1QOUXSAXhBVV95cUxQdURqNGY2aldqOVFFVXlhaDA1UVdETW1LZ293ZHVDS0lZNU1pTk5hTlI5R2hlRFRCMDhiVm95RFdXREFOT0ZMazEwQTR2dGFxcU9BaHJ0ZHF1aWlKeVEyT0Z6eHFjRXp0eWlwc1NfcjAyQ0FQNDlraHM?oc=5"" target=""_blank"">Jan. 6 riot victims, Democrats see hypocrisy in Trump's response to L.A. protests</a>&nbsp;&nbsp;<font color=""#6f6f6f"">CBS News</font>","Tue, 10 Jun 2025 01:34:11 GMT",https://news.google.com/rss/articles/CBMic0FVX3lxTE1ldEMxMnF4UFQ2czNxM1VCRk1nZ3l1ZmJpQ0pVTlItOGxrSUFLU2RPaktEcWd2VmtXZ3F1ZENvc3ZxVHpCTTFweGpGSW90VnpNaWs1TUFwN1NMSUtMd3BFeXRoaUJacEZkQnFTNG9hSW1QOUXSAXhBVV95cUxQdURqNGY2aldqOVFFVXlhaDA1UVdETW1LZ293ZHVDS0lZNU1pTk5hTlI5R2hlRFRCMDhiVm95RFdXREFOT0ZMazEwQTR2dGFxcU9BaHJ0ZHF1aWlKeVEyT0Z6eHFjRXp0eWlwc1NfcjAyQ0FQNDlraHM?oc=5,CBS News,,,,,,0.3
news,"Hundreds in Dallas protest ICE, the Trump administration in response to L.A. unrest - KERA News","<a href=""https://news.google.com/rss/articles/CBMimgFBVV95cUxOT2JzZWI4blRKbmY4LWRJY2lLV3RwX2p1V0NKTXlEU2JLX1RVcDJyWHlkTHRFYmpEQ1Fid0k5b3BzMzVpRGFsNWZNMUdBcGMzWGRHa244ZTVUTExybmdJX1c2TlhaVWJ1NEtOaTVreGRkOTE2VFhPY1BBdktoOTUtSEMyRENEWmVNdF9NVUVyNzZRSWVoLTFoYVRR?oc=5"" target=""_blank"">Hundreds in Dallas protest ICE, the Trump administration in response to L.A. unrest</a>&nbsp;&nbsp;<font color=""#6f6f6f"">KERA News</font>","Tue, 10 Jun 2025 01:32:00 GMT",https://news.google.com/rss/articles/CBMimgFBVV95cUxOT2JzZWI4blRKbmY4LWRJY2lLV3RwX2p1V0NKTXlEU2JLX1RVcDJyWHlkTHRFYmpEQ1Fid0k5b3BzMzVpRGFsNWZNMUdBcGMzWGRHa244ZTVUTExybmdJX1c2TlhaVWJ1NEtOaTVreGRkOTE2VFhPY1BBdktoOTUtSEMyRENEWmVNdF9NVUVyNzZRSWVoLTFoYVRR?oc=5,KERA News,Dallas,TX,32.7935,-96.7667,Dallas,0.9
news,L.A. Protests in Photos - The New York Times,"<a href=""https://news.google.com/rss/articles/CBMifkFVX3lxTE9jbXEycDZGcVprV1BNdnpmQi1wY0lfWUEyd24xLXNKWXNHT2dqOG5uc25qZjBIX0tERXc0cmxSSjhQaXlsaDluZkhvd0dzanVvY24yaVhXbV9rZHViSHo2aUtDaG52c3dwZjg4TFlpcGc0QTBSOUhBREdLZ1ZjZw?oc=5"" target=""_blank"">L.A. Protests in Photos</a>&nbsp;&nbsp;<font color=""#6f6f6f"">The New York Times</font>","Mon, 09 Jun 2025 23:32:00 GMT",https://news.google.com/rss/articles/CBMifkFVX3lxTE9jbXEycDZGcVprV1BNdnpmQi1wY0lfWUEyd24xLXNKWXNHT2dqOG5uc25qZjBIX0tERXc0cmxSSjhQaXlsaDluZkhvd0dzanVvY24yaVhXbV9rZHViSHo2aUtDaG52c3dwZjg4TFlpcGc0QTBSOUhBREdLZ1ZjZw?oc=5,The New York Times,New York,NY,40.6943,-73.9249,Queens,0.9
news,"After ‘weekend of chaos,’ thousands rally to protest ICE raids and arrest of union leader - Los Angeles Times","<a href=""https://news.google.com/rss/articles/CBMiiwFBVV95cUxQTXVQc0g0SjVrNi1uNWVnbC14WXNCUEpITFZQeUVqUEFEeFNKWjhzbDdyakl6R0NEUFpXdG1PTzl3YWVwTm9wN205MDJ6U2RPeXVNTTJ6cEpZTXkydDZOQTg4aXprVmhwM3JQSWRhMHk2SE5WOW4zTmRjUHRIVU1vcjNhcE9qMm90ZEVJ?oc=5"" target=""_blank"">After ‘weekend of chaos,’ thousands rally to protest ICE raids and arrest of union leader</a>&nbsp;&nbsp;<font color=""#6f6f6f"">Los Angeles Times</font>","Mon, 09 Jun 2025 22:22:43 GMT",https://news.google.com/rss/articles/CBMiiwFBVV95cUxQTXVQc0g0SjVrNi1uNWVnbC14WXNCUEpITFZQeUVqUEFEeFNKWjhzbDdyakl6R0NEUFpXdG1PTzl3YWVwTm9wN205MDJ6U2RPeXVNTTJ6cEpZTXkydDZOQTg4aXprVmhwM3JQSWRhMHk2SE5WOW4zTmRjUHRIVU1vcjNhcE9qMm90ZEVJ?oc=5,Los Angeles Times,Los Angeles,CA,34.1141,-118.4068,Los Angeles,0.9
news,Anti-ICE Protests in Los Angeles Continue for Fourth Day - WSJ,"<a href=""https://news.google.com/rss/articles/CBMijgNBVV95cUxQQnlvZHE4b1A4NWNXeC1yRFBwOWUtREF0YWdyb1dMT0xqb1NraW1KZk1ERXo0WUcwZmN0U0FqR1h3RG5FWWtMckVheU12STJDOXpOR3dCN0dzX1pIeHdEVXMyQjN0Rk90ZUgxdTZaN1BibzhsRWlRdmlFSml1VzZIcTJDQmwyTHQ4b2E0V0VvaVI0UGNVNnlaUFQwdXlsTzhRMF9yVE1Oa25KbDFFQmZEV2taT2xGZG5ZZlpLSFJPRE5rdWRVenR2TzR1S3JiZGNCU1ZsUGpEUGxiTU8xc1JLRmM3VFh3UlZGVjFJMmtHMmlkRlZEWklrMG1DNzFYV1ljdTRLZzZrRUw4X3R3TGhMalpfUUdHem1YZC14VmpYLUFtLW11Vzh2blFTempmZ0tpcHB2clg5VGlJaDNIVnU1R0lBY3pELTcxdElDSm4yLUZvbWFMOFBpVmhQbHFxMUhRbTQtUmdVMWJyNHZUdXgxQ3c5R3hPbzlYbWJScGU1SnNrcVZyUWpMLTNCckNJdw?oc=5"" target=""_blank"">Anti-ICE Protests in Los Angeles Continue for Fourth Day</a>&nbsp;&nbsp;<font color=""#6f6f6f"">WSJ</font>","Tue, 10 Jun 2025 02:27:00 GMT",https://news.google.com/rss/articles/CBMijgNBVV95cUxQQnlvZHE4b1A4NWNXeC1yRFBwOWUtREF0YWdyb1dMT0xqb1NraW1KZk1ERXo0WUcwZmN0U0FqR1h3RG5FWWtMckVheU12STJDOXpOR3dCN0dzX1pIeHdEVXMyQjN0Rk90ZUgxdTZaN1BibzhsRWlRdmlFSml1VzZIcTJDQmwyTHQ4b2E0V0VvaVI0UGNVNnlaUFQwdXlsTzhRMF9yVE1Oa25KbDFFQmZEV2taT2xGZG5ZZlpLSFJPRE5rdWRVenR2TzR1S3JiZGNCU1ZsUGpEUGxiTU8xc1JLRmM3VFh3UlZGVjFJMmtHMmlkRlZEWklrMG1DNzFYV1ljdTRLZzZrRUw4X3R3TGhMalpfUUdHem1YZC14VmpYLUFtLW11Vzh2blFTempmZ0tpcHB2clg5VGlJaDNIVnU1R0lBY3pELTcxdElDSm4yLUZvbWFMOFBpVmhQbHFxMUhRbTQtUmdVMWJyNHZUdXgxQ3c5R3hPbzlYbWJScGU1SnNrcVZyUWpMLTNCckNJdw?oc=5,WSJ,Los Angeles,CA,34.1141,-118.4068,Los Angeles,0.9
news,"Live updates: At least 5 raids reported in greater LA, Mayor Bass says - NBC4 Los Angeles","<a href=""https://news.google.com/rss/articles/CBMigwFBVV95cUxQZEYwR3hCUXNDOU5aeHRkRVZKaFpsUHoyb2YwU3hBZXl4MUZMQ3hlX1FpSHoxMEdNQ2RncnVjNTZMV2szZE1VYTVNenlyWE1pQ3lwWWwtN2pfaWhoeWs5Mmp5Q2JDR01GNG9iUjhoWHNlNHBjdWoydmk2ZzhxYm9RTGxwVdIBiwFBVV95cUxPMjQxZl9vdFdQb05tbGVOaEo3bFRaMFRfTTRaTFg4eWpndW5uc2JQdnNQLWtzZVRQY1dIRFlLN2E3bURNcTNtWTlRYVB0VGJvLVFzbktKMzRPOGF2NkZPTkdsci1yQnFuZUswMTdyZFpNRTJmcVJpZW85ZG1iQldXYUlsX1h4dGVFZTJF?oc=5"" target=""_blank"">Live updates: At least 5 raids reported in greater LA, Mayor Bass says</a>&nbsp;&nbsp;<font color=""#6f6f6f"">NBC4 Los Angeles</font>","Tue, 10 Jun 2025 04:00:00 GMT",https://news.google.com/rss/articles/CBMigwFBVV95cUxQZEYwR3hCUXNDOU5aeHRkRVZKaFpsUHoyb2YwU3hBZXl4MUZMQ3hlX1FpSHoxMEdNQ2RncnVjNTZMV2szZE1VYTVNenlyWE1pQ3lwWWwtN2pfaWhoeWs5Mmp5Q2JDR01GNG9iUjhoWHNlNHBjdWoydmk2ZzhxYm9RTGxwVdIBiwFBVV95cUxPMjQxZl9vdFdQb05tbGVOaEo3bFRaMFRfTTRaTFg4eWpndW5uc2JQdnNQLWtzZVRQY1dIRFlLN2E3bURNcTNtWTlRYVB0VGJvLVFzbktKMzRPOGF2NkZPTkdsci1yQnFuZUswMTdyZFpNRTJmcVJpZW85ZG1iQldXYUlsX1h4dGVFZTJF?oc=5,NBC4 Los Angeles,Los Angeles,CA,34.1141,-118.4068,Los Angeles,0.9
news,Hundreds protest in Austin against nationwide ICE detentions - The Texas Tribune,"<a href=""https://news.google.com/rss/articles/CBMikAFBVV95cUxOWVVQUzFMM20tdnY3R2E4QnNUeTZsQ0wtTkxjNmxZUEdWVzkzVW1nQnp3YTg4M2NBWThuYW9YM0dCY3RwMTJaNk42NUZnUG1BRS1UZExyM2d1cUVFSmZVNzgzejhMYXJwbnVNZlVvMkh3Vk1ucktROHVtcUVBTGhaOUg4TWhjMFBqTkluOVkwd3Q?oc=5"" target=""_blank"">Hundreds protest in Austin against nationwide ICE detentions</a>&nbsp;&nbsp;<font color=""#6f6f6f"">The Texas Tribune</font>","Tue, 10 Jun 2025 04:04:19 GMT",https://news.google.com/rss/articles/CBMikAFBVV95cUxOWVVQUzFMM20tdnY3R2E4QnNUeTZsQ0wtTkxjNmxZUEdWVzkzVW1nQnp3YTg4M2NBWThuYW9YM0dCY3RwMTJaNk42NUZnUG1BRS1UZExyM2d1cUVFSmZVNzgzejhMYXJwbnVNZlVvMkh3Vk1ucktROHVtcUVBTGhaOUg4TWhjMFBqTkluOVkwd3Q?oc=5,The Texas Tribune,Austin,TX,30.3005,-97.7522,Travis,0.9
news,"‘Move ICE, get out the Bay!’ Mission march mobilizes thousands against ICE ‘kidnappings’ - Mission Local","<a href=""https://news.google.com/rss/articles/CBMiigFBVV95cUxQUjU1b3FaRndNaGotLTY0eVNEMC00amVwSDBGTVE1cjdkaWhiNi0zaDEwTmhxTGItaWtEajkxZnljTEwzd0FrUC16aWEtRDdjdEw0LTdwTWdHTlU2RVpjZDRvX09BN21Fai1DRjBscHZvYlBGTkRFN0dQODdwNmxsNVNNSzZuQUpkelE?oc=5"" target=""_blank"">‘Move ICE, get out the Bay!’ Mission march mobilizes thousands against ICE ‘kidnappings’</a>&nbsp;&nbsp;<font color=""#6f6f6f"">Mission Local</font>","Tue, 10 Jun 2025 03:16:19 GMT",https://news.google.com/rss/articles/CBMiigFBVV95cUxQUjU1b3FaRndNaGotLTY0eVNEMC00amVwSDBGTVE1cjdkaWhiNi0zaDEwTmhxTGItaWtEajkxZnljTEwzd0FrUC16aWEtRDdjdEw0LTdwTWdHTlU2RVpjZDRvX09BN21Fai1DRjBscHZvYlBGTkRFN0dQODdwNmxsNVNNSzZuQUpkelE?oc=5,Mission Local,Bay,AR,35.7456,-90.5546,Craighead,0.9
news,"Trump LA protest response risks turning US military into political force, veterans warn - The Guardian","<a href=""https://news.google.com/rss/articles/CBMikwFBVV95cUxQSlEtOGxCbm84VmU4U2NSMmF2cmpxaExwOFdQS0RXN2wteVdmd09oXzUwN05IRlMtTHdUajdLVTJUYWgwZTBxSm1URFByOTZRa0RGbWQtNjZ3SXBaYkxQRk9Sb0h5NHVXcm15MVpDQmRLZXZfNXBpMXdyTTNJRHVVaFlWWDgxZmlxRFkzQW5ON2lneHc?oc=5"" target=""_blank"">Trump LA protest response risks turning US military into political force, veterans warn</a>&nbsp;&nbsp;<font color=""#6f6f6f"">The Guardian</font>","Mon, 09 Jun 2025 19:54:00 GMT",https://news.google.com/rss/articles/CBMikwFBVV95cUxQSlEtOGxCbm84VmU4U2NSMmF2cmpxaExwOFdQS0RXN2wteVdmd09oXzUwN05IRlMtTHdUajdLVTJUYWgwZTBxSm1URFByOTZRa0RGbWQtNjZ3SXBaYkxQRk9Sb0h5NHVXcm15MVpDQmRLZXZfNXBpMXdyTTNJRHVVaFlWWDgxZmlxRFkzQW5ON2lneHc?oc=5,The Guardian,,,,,,0.3
news,"Live Blog: ICE protest at Texas Capitol: Tear gas deployed, arrests being made in downtown Austin - KXAN Austin","<a href=""https://news.google.com/rss/articles/CBMihAFBVV95cUxPemMwZ09nejVvNlYzVjczc0Z6SGYya25lZmtfQ3pjWlY1SnN2dXZIMUlPZllIOEszWVZBUFduVHZzaU5tZGpGM2l3T0VfSmkxajBKZWdYWXQzWXVkSFlDOER3U0ViSU81TXlGUEtnVXN3RDdlU3U5THJLSHo0UU9tQWQ2NW3SAYoBQVVfeXFMTTBLOE9GN0F3YWVBcEtibExwOHFMbHo1am1DMkNWSk5tWHI0S0ZFTUFqREd1dkZveDBjT1Y3Tjh4RXVtWVE3STR4b2pkMmZmMnlsRjNJX1lVX3d5MTdjZ0dPbF9nSlJmX3puc0hwTGJJY19yLTFMaFp3VVA4QlJQaENteDZFdlFwc1Jn?oc=5"" target=""_blank"">Live Blog: ICE protest at Texas Capitol: Tear gas deployed, arrests being made in downtown Austin</a>&nbsp;&nbsp;<font color=""#6f6f6f"">KXAN Austin</font>","Tue, 10 Jun 2025 00:40:18 GMT",https://news.google.com/rss/articles/CBMihAFBVV95cUxPemMwZ09nejVvNlYzVjczc0Z6SGYya25lZmtfQ3pjWlY1SnN2dXZIMUlPZllIOEszWVZBUFduVHZzaU5tZGpGM2l3T0VfSmkxajBKZWdYWXQzWXVkSFlDOER3U0ViSU81TXlGUEtnVXN3RDdlU3U5THJLSHo0UU9tQWQ2NW3SAYoBQVVfeXFMTTBLOE9GN0F3YWVBcEtibExwOHFMbHo1am1DMkNWSk5tWHI0S0ZFTUFqREd1dkZveDBjT1Y3Tjh4RXVtWVE3STR4b2pkMmZmMnlsRjNJX1lVX3d5MTdjZ0dPbF9nSlJmX3puc0hwTGJJY19yLTFMaFp3VVA4QlJQaENteDZFdlFwc1Jn?oc=5,KXAN Austin,Austin,TX,30.3005,-97.7522,Travis,0.9
news,Austin police use tear gas to disperse anti-ICE protesters in downtown - Austin American-Statesman,"<a href=""https://news.google.com/rss/articles/CBMi5gFBVV95cUxPUXQ3SFJsWGJ1V05qUERPNWVKZ01DeWxHMHNLektyRzBpbzh4Qmt0Tmc1MDc4WlhUVGJZZjRaUzNBWURaTnF5TE1jUEJvWGRVRXgxY2h5ajkzRUVlNldUaWR3cUpMMlIwMlVvdmJLU1ExYkhHNGsxRXIwdzY1akNxcFVEYlVmek1XcGlhWGFUX1VZZ1JzeVVtZ2lVcXg5NFNzeVk1akZaaVR4QUlPVkMtSkJ6MDBzcHJ2dVoyMkJELWhzaDlpMjhnX1AtUGpKV2d5cUxqUERrRkhQMDZKcXVTYXEySG9ldw?oc=5"" target=""_blank"">Austin police use tear gas to disperse anti-ICE protesters in downtown</a>&nbsp;&nbsp;<font color=""#6f6f6f"">Austin American-Statesman</font>","Tue, 10 Jun 2025 03:28:25 GMT",https://news.google.com/rss/articles/CBMi5gFBVV95cUxPUXQ3SFJsWGJ1V05qUERPNWVKZ01DeWxHMHNLektyRzBpbzh4Qmt0Tmc1MDc4WlhUVGJZZjRaUzNBWURaTnF5TE1jUEJvWGRVRXgxY2h5ajkzRUVlNldUaWR3cUpMMlIwMlVvdmJLU1ExYkhHNGsxRXIwdzY1akNxcFVEYlVmek1XcGlhWGFUX1VZZ1JzeVVtZ2lVcXg5NFNzeVk1akZaaVR4QUlPVkMtSkJ6MDBzcHJ2dVoyMkJELWhzaDlpMjhnX1AtUGpKV2d5cUxqUERrRkhQMDZKcXVTYXEySG9ldw?oc=5,Austin American-Statesman,Austin,TX,30.3005,-97.7522,Travis,0.9
news,When does a protest become a riot? Experts weigh in amid unrest in LA - USA Today,"<a href=""https://news.google.com/rss/articles/CBMirAFBVV95cUxQSkhfal81STMtakRlMEZKUmVjc2xsVTh2ZmtLLTRsVDUzVU1uaURqMkFkRnVwSHY5MS1GdmJ4d200Vy1aLVFtcC1oTFdPb0FwdVJqLTEtQkh4M3FDX0xqa3ZHUFBBQVBNV042WVJOa3ppN2FZZENtNW1ocGgwOEVwNHlEd0RscmF6UGlpaUJxdmw2ZnFzM3dYT0o0elF3Yk1TWThsWmdkYlFZREs2?oc=5"" target=""_blank"">When does a protest become a riot? Experts weigh in amid unrest in LA</a>&nbsp;&nbsp;<font color=""#6f6f6f"">USA Today</font>","Mon, 09 Jun 2025 17:49:36 GMT",https://news.google.com/rss/articles/CBMirAFBVV95cUxQSkhfal81STMtakRlMEZKUmVjc2xsVTh2ZmtLLTRsVDUzVU1uaURqMkFkRnVwSHY5MS1GdmJ4d200Vy1aLVFtcC1oTFdPb0FwdVJqLTEtQkh4M3FDX0xqa3ZHUFBBQVBNV042WVJOa3ppN2FZZENtNW1ocGgwOEVwNHlEd0RscmF6UGlpaUJxdmw2ZnFzM3dYT0o0elF3Yk1TWThsWmdkYlFZREs2?oc=5,USA Today,,,,,,0.3
news,‘Everybody stood up’: Why a union leader’s arrest galvanized California Democrats on immigration - CalMatters,"<a href=""https://news.google.com/rss/articles/CBMihwFBVV95cUxNTVRjdm9WeXFEd3BaYnR6MGZIM1E1YWQtUVkwZFBJbXk1aXRpNE5xM1oyaFFFT2g5Vm83VXVrUE1VUEl2NGFQS0ZSbGd2cTNVamhPNk9ZY24yVUdmYUtZZzZ6a1dvZ1dwNXowYVE3U0RtNS1oWVZNS1UyeDhTaXR3V0NBYkdiNjA?oc=5"" target=""_blank"">‘Everybody stood up’: Why a union leader’s arrest galvanized California Democrats on immigration</a>&nbsp;&nbsp;<font color=""#6f6f6f"">CalMatters</font>","Mon, 09 Jun 2025 12:30:00 GMT",https://news.google.com/rss/articles/CBMihwFBVV95cUxNTVRjdm9WeXFEd3BaYnR6MGZIM1E1YWQtUVkwZFBJbXk1aXRpNE5xM1oyaFFFT2g5Vm83VXVrUE1VUEl2NGFQS0ZSbGd2cTNVamhPNk9ZY24yVUdmYUtZZzZ6a1dvZ1dwNXowYVE3U0RtNS1oWVZNS1UyeDhTaXR3V0NBYkdiNjA?oc=5,CalMatters,California,MD,38.2969,-76.4949,St. Mary's,0.9
news,Protests Spread Beyond Los Angeles as National Tensions Mount Over Immigration Raids - Time Magazine,"<a href=""https://news.google.com/rss/articles/CBMib0FVX3lxTE5OTGNBbWdzY0NMZ0JTZTdVWkU0c2pxVXlBQnN2M1p5eGxGelF6QWRWRkNueUlyTkJVbzVWNmZwT255RkRzdHpwd195VDRVenpfUlU5YjczS1NTVGpnd3o5NGJIcHNOX3c0QTAxdl8zbw?oc=5"" target=""_blank"">Protests Spread Beyond Los Angeles as National Tensions Mount Over Immigration Raids</a>&nbsp;&nbsp;<font color=""#6f6f6f"">Time Magazine</font>","Mon, 09 Jun 2025 20:43:03 GMT",https://news.google.com/rss/articles/CBMib0FVX3lxTE5OTGNBbWdzY0NMZ0JTZTdVWkU0c2pxVXlBQnN2M1p5eGxGelF6QWRWRkNueUlyTkJVbzVWNmZwT255RkRzdHpwd195VDRVenpfUlU5YjczS1NTVGpnd3o5NGJIcHNOX3c0QTAxdl8zbw?oc=5,Time Magazine,Los Angeles,CA,34.1141,-118.4068,Los Angeles,0.9
news,"42 arrested, 5 LAPD officers hurt in immigration protest unrest - KTLA","<a href=""https://news.google.com/rss/articles/CBMinAFBVV95cUxNWVFTNTQ4MnNYV3RXeXRhWHJtd3hjeWh0UHZ5WnFaOXpOQnhpR3RDRkcwdk5rNzFNYmpMckV6bE1waEJVZ1FNcnNFUGV2aUsxdkRISkdjRVVlWXloelNnNC1CcFZZV2RES0dBV01LckM0eC1aMU5nd1JxS3dCemlLZ25OZHpTdGwxNHVmczFHeExJZmsxRDF5RVZsV0bSAaIBQVVfeXFMUHFSNjI0czI0YU5XSUtHT2l3Ti1OaWcxek1zQlNPRkJUVzgzMkRuRkRUYWU2V3pTUzlhbVV5OHFwaVNPUEpHaVhLa295ak8tdEM4RkJPYXlYRGZLN3JKMmdKbktIRlFYSDRtbGQ1cHl3d2ZHcFZvY21GVHJSeUZfbldZX0V1MG5RMi1xd2owQTBCa2xndkpza3gtUmpPMmpQS0JB?oc=5"" target=""_blank"">42 arrested, 5 LAPD officers hurt in immigration protest unrest</a>&nbsp;&nbsp;<font color=""#6f6f6f"">KTLA</font>","Mon, 09 Jun 2025 15:04:00 GMT",https://news.google.com/rss/articles/CBMinAFBVV95cUxNWVFTNTQ4MnNYV3RXeXRhWHJtd3hjeWh0UHZ5WnFaOXpOQnhpR3RDRkcwdk5rNzFNYmpMckV6bE1waEJVZ1FNcnNFUGV2aUsxdkRISkdjRVVlWXloelNnNC1CcFZZV2RES0dBV01LckM0eC1aMU5nd1JxS3dCemlLZ25OZHpTdGwxNHVmczFHeExJZmsxRDF5RVZsV0bSAaIBQVVfeXFMUHFSNjI0czI0YU5XSUtHT2l3Ti1OaWcxek1zQlNPRkJUVzgzMkRuRkRUYWU2V3pTUzlhbVV5OHFwaVNPUEpHaVhLa295ak8tdEM4RkJPYXlYRGZLN3JKMmdKbktIRlFYSDRtbGQ1cHl3d2ZHcFZvY21GVHJSeUZfbldZX0V1MG5RMi1xd2owQTBCa2xndkpza3gtUmpPMmpQS0JB?oc=5,KTLA,,,,,,0.3
news,Tennessee prison riot contained after several hours; 3 inmates and 1 guard injured - AP News,"<a href=""https://news.google.com/rss/articles/CBMilgFBVV95cUxQRDlPc0NIWk93T2pJZm1JTFZDTXhDa0g1OXVWc2FyVGQwNlRvSkl2YjNCemtsaTEtcUk4bEJrNC1yZEpiRVNPOGpFQ2ZDMmYxTHVZWnM3S3V6blh6VDZxUV9rSjdBSlE1UTBnWUhyYndabWt3U0NMMVZCYVQxeFE2Nk1VOUZnRV9la2Iyc2QyemJHQ2J5WFE?oc=5"" target=""_blank"">Tennessee prison riot contained after several hours; 3 inmates and 1 guard injured</a>&nbsp;&nbsp;<font color=""#6f6f6f"">AP News</font>","Mon, 09 Jun 2025 23:26:00 GMT",https://news.google.com/rss/articles/CBMilgFBVV95cUxQRDlPc0NIWk93T2pJZm1JTFZDTXhDa0g1OXVWc2FyVGQwNlRvSkl2YjNCemtsaTEtcUk4bEJrNC1yZEpiRVNPOGpFQ2ZDMmYxTHVZWnM3S3V6blh6VDZxUV9rSjdBSlE1UTBnWUhyYndabWt3U0NMMVZCYVQxeFE2Nk1VOUZnRV9la2Iyc2QyemJHQ2J5WFE?oc=5,AP News,Tennessee,IL,40.4114,-90.8363,McDonough,0.9
news,A Solidarity Protest in San Francisco Turns Violent - The New York Times,"<a href=""https://news.google.com/rss/articles/CBMiggFBVV95cUxOT1NwT0QySVMwVlNnbXZHcC16MWM4MDdXRmdrU2F6N29aNmphVXJCR2RjUldUek8yT2pNQUEwc3JXc1NuemZWZ3lCV0x5QUsxbk02djA3cHctZ0wwX05OdGhTWnRDbnZrR0Z2Uk9vdjNYZEwweHJEM19hbk1lTGRkaEVB?oc=5"" target=""_blank"">A Solidarity Protest in San Francisco Turns Violent</a>&nbsp;&nbsp;<font color=""#6f6f6f"">The New York Times</font>","Mon, 09 Jun 2025 12:32:16 GMT",https://news.google.com/rss/articles/CBMiggFBVV95cUxOT1NwT0QySVMwVlNnbXZHcC16MWM4MDdXRmdrU2F6N29aNmphVXJCR2RjUldUek8yT2pNQUEwc3JXc1NuemZWZ3lCV0x5QUsxbk02djA3cHctZ0wwX05OdGhTWnRDbnZrR0Z2Uk9vdjNYZEwweHJEM19hbk1lTGRkaEVB?oc=5,The New York Times,San Francisco,CA,37.7558,-122.4449,San Francisco,0.9
news,"Parts of Los Angeles begin cleaning up after protests lead to looting, vandalism and arrests - CBS News","<a href=""https://news.google.com/rss/articles/CBMioAFBVV95cUxPZThWX1ktSjE1OGhQTDhmNU5tekhmRmw5a1hNNWdQeFFGMlhLT0Y0WUJFWTVPZUxpWnRYZi05OE4zWkhJYm9Kd2ktWUttNC1HR0thSEN2VWgtYmwta1IzbGQzcjQ4UWJzekMtN1pPQlBQajdjSEROakx5dVZQNm1hQVpiZWJfZHdBakF6U19jaUpHTjA0UnQwRElWcEdLTElH0gGmAUFVX3lxTE1BTlFqSUpOa0d2OGtaX1Bya2FENkVicmlkaDA2WU03RmRmTEcxNEJDOF9LUW9oVzBIQVBaODgwNzdTTTR0Xzhsd05DZG1ySUxwZGpYMUtjQml3QnNHNm8wb1VhVmM0YUY2N0tBZFhZdWJBVE95V09vTkhXVnhoRkNvODZFZGJLb1M5eUxFN0YzUzBZUjVsN0drQjB5TGNVLTJtTGR3SGc?oc=5"" target=""_blank"">Parts of Los Angeles begin cleaning up after protests lead to looting, vandalism and arrests</a>&nbsp;&nbsp;<font color=""#6f6f6f"">CBS News</font>","Mon, 09 Jun 2025 20:06:00 GMT",https://news.google.com/rss/articles/CBMioAFBVV95cUxPZThWX1ktSjE1OGhQTDhmNU5tekhmRmw5a1hNNWdQeFFGMlhLT0Y0WUJFWTVPZUxpWnRYZi05OE4zWkhJYm9Kd2ktWUttNC1HR0thSEN2VWgtYmwta1IzbGQzcjQ4UWJzekMtN1pPQlBQajdjSEROakx5dVZQNm1hQVpiZWJfZHdBakF6U19jaUpHTjA0UnQwRElWcEdLTElH0gGmAUFVX3lxTE1BTlFqSUpOa0d2OGtaX1Bya2FENkVicmlkaDA2WU03RmRmTEcxNEJDOF9LUW9oVzBIQVBaODgwNzdTTTR0Xzhsd05DZG1ySUxwZGpYMUtjQml3QnNHNm8wb1VhVmM0YUY2N0tBZFhZdWJBVE95V09vTkhXVnhoRkNvODZFZGJLb1M5eUxFN0YzUzBZUjVsN0drQjB5TGNVLTJtTGR3SGc?oc=5,CBS News,Los Angeles,CA,34.1141,-118.4068,Los Angeles,0.9
news,"Downtown L.A. hit by widespread vandalism, damage as city struggles to calm unrest - Los Angeles Times","<a href=""https://news.google.com/rss/articles/CBMilAFBVV95cUxOaWMyRjBUQXBCM0J6VDJWUnc5eWpybllFLXh6NUpmQUhFR2RrYUIwVDRhWkZTelplbV9ZTVFsTXVxdlhiMVVBek1CbUdvckRxazRTTVQ2anVaZHZHNDhsU1ZHZFZ0M0doVy1scG1FWVZoamF0cmhpQndXcVBzSXkwdmN4dUtXNWFRLXp6QXNVUkF2NFRN?oc=5"" target=""_blank"">Downtown L.A. hit by widespread vandalism, damage as city struggles to calm unrest</a>&nbsp;&nbsp;<font color=""#6f6f6f"">Los Angeles Times</font>","Mon, 09 Jun 2025 21:59:34 GMT",https://news.google.com/rss/articles/CBMilAFBVV95cUxOaWMyRjBUQXBCM0J6VDJWUnc5eWpybllFLXh6NUpmQUhFR2RrYUIwVDRhWkZTelplbV9ZTVFsTXVxdlhiMVVBek1CbUdvckRxazRTTVQ2anVaZHZHNDhsU1ZHZFZ0M0doVy1scG1FWVZoamF0cmhpQndXcVBzSXkwdmN4dUtXNWFRLXp6QXNVUkF2NFRN?oc=5,Los Angeles Times,Los Angeles,CA,34.1141,-118.4068,Los Angeles,0.9
news,Philadelphia 'No Kings' protest will be flagship event; see anti Trump protests in PA - PhillyBurbs,"<a href=""https://news.google.com/rss/articles/CBMi8AFBVV95cUxNYm11Ni1FaVY0NHVsN3ZJM1NOcWp2cENQdlk1SC14Smw2Nmh4WDBxMHNYbUpMYk1lUkhzV091VDFJeHhPdVd6TXJheUhGc0Y3dmk3eHltb3NEMVhjeVV2Yk9oWk1CaDFoajdsRlM5LXdSdXRXSUNOZC1kcGlfOW83dVIzek5hemk4RlpCVV9lbElrWWdPVkFUdzk2d0l6a3pUbElfZU51cmI5Tkw1VldBQjAzdndjdDFibzI2VjJuUDhnNnVIcU5ScnFvc0VjMUN0Zk1PVVB4dFB5X0FRcjFSNXU1cGtoUjV3Nzl1U2l3cG8?oc=5"" target=""_blank"">Philadelphia 'No Kings' protest will be flagship event; see anti Trump protests in PA</a>&nbsp;&nbsp;<font color=""#6f6f6f"">PhillyBurbs</font>","Mon, 09 Jun 2025 18:22:44 GMT",https://news.google.com/rss/articles/CBMi8AFBVV95cUxNYm11Ni1FaVY0NHVsN3ZJM1NOcWp2cENQdlk1SC14Smw2Nmh4WDBxMHNYbUpMYk1lUkhzV091VDFJeHhPdVd6TXJheUhGc0Y3dmk3eHltb3NEMVhjeVV2Yk9oWk1CaDFoajdsRlM5LXdSdXRXSUNOZC1kcGlfOW83dVIzek5hemk4RlpCVV9lbElrWWdPVkFUdzk2d0l6a3pUbElfZU51cmI5Tkw1VldBQjAzdndjdDFibzI2VjJuUDhnNnVIcU5ScnFvc0VjMUN0Zk1PVVB4dFB5X0FRcjFSNXU1cGtoUjV3Nzl1U2l3cG8?oc=5,PhillyBurbs,Philadelphia,PA,40.0077,-75.1339,Philadelphia,0.9
news,"Hundreds gather in Houston and San Antonio to protest immigration crackdowns in workplaces, courthouses - The Texas Tribune","<a href=""https://news.google.com/rss/articles/CBMihgFBVV95cUxNOTlYY0RuOExSd2VlRDRLMVlKY1NrWDZ5WWZVM0VPcmg4Z1RyTzlwOUg3OVEtS3FQYXVBM2FSVDZNVXB5NXFlZ2M2R05BTDFiMFlScGVKeC0zam9kSTZoV2RCNnRDS2owMEpGaU5QbWRXNUptcGJmNHVMQTBOTmFicUNaRUpFUQ?oc=5"" target=""_blank"">Hundreds gather in Houston and San Antonio to protest immigration crackdowns in workplaces, courthouses</a>&nbsp;&nbsp;<font color=""#6f6f6f"">The Texas Tribune</font>","Mon, 09 Jun 2025 01:19:19 GMT",https://news.google.com/rss/articles/CBMihgFBVV95cUxNOTlYY0RuOExSd2VlRDRLMVlKY1NrWDZ5WWZVM0VPcmg4Z1RyTzlwOUg3OVEtS3FQYXVBM2FSVDZNVXB5NXFlZ2M2R05BTDFiMFlScGVKeC0zam9kSTZoV2RCNnRDS2owMEpGaU5QbWRXNUptcGJmNHVMQTBOTmFicUNaRUpFUQ?oc=5,The Texas Tribune,Houston,TX,29.786,-95.3885,Harris,0.9
news,700 Marines heading to LA for riot assistance; Newsom calls move 'deranged fantasy' of Trump - USA Today,"<a href=""https://news.google.com/rss/articles/CBMirwFBVV95cUxPSVJYbkt6TWp5Q2Q3WEZFTUxqMHYyWmpGbkQzcEowLVRhQjhSeDFGZng2bGpodE1CcmFzc191c0FSV3lROGp4eFExXy01N0t1YXE2aE9rb2hhMkVqOHNobUV3WDNyRk0xUnNHMFBJQXYwbHN6UWpReV9hQzNMS0NSNTFGbHdoWVBXUUNKR0Fyb3QwZUJZR012VmVXUFZ1YmlsZUFmZkxXdWZaRG0wUFow?oc=5"" target=""_blank"">700 Marines heading to LA for riot assistance; Newsom calls move 'deranged fantasy' of Trump</a>&nbsp;&nbsp;<font color=""#6f6f6f"">USA Today</font>","Tue, 10 Jun 2025 03:34:25 GMT",https://news.google.com/rss/articles/CBMirwFBVV95cUxPSVJYbkt6TWp5Q2Q3WEZFTUxqMHYyWmpGbkQzcEowLVRhQjhSeDFGZng2bGpodE1CcmFzc191c0FSV3lROGp4eFExXy01N0t1YXE2aE9rb2hhMkVqOHNobUV3WDNyRk0xUnNHMFBJQXYwbHN6UWpReV9hQzNMS0NSNTFGbHdoWVBXUUNKR0Fyb3QwZUJZR012VmVXUFZ1YmlsZUFmZkxXdWZaRG0wUFow?oc=5,USA Today,,,,,,0.3
news,What I Saw in Los Angeles Last Night - The Cut,"<a href=""https://news.google.com/rss/articles/CBMikgFBVV95cUxQZW4xZXMtVlUtSEdmNV8xbHZMNEVBUjBKMFNndW01bTM2SjJaTFlLSHBMWWdQa2o3SzdsTlNmQXFJQlh4Qzd4Z3F3UDh3cW1aSy1sakFoUmVLUXg1LWdHWGNqQTBrWTRTRndTSHdaVDFrSVEyd0tCZ0ZycTJUSGFlVEhoUUFRVGZRcWVuS1dJYVFsUQ?oc=5"" target=""_blank"">What I Saw in Los Angeles Last Night</a>&nbsp;&nbsp;<font color=""#6f6f6f"">The Cut</font>","Mon, 09 Jun 2025 20:48:01 GMT",https://news.google.com/rss/articles/CBMikgFBVV95cUxQZW4xZXMtVlUtSEdmNV8xbHZMNEVBUjBKMFNndW01bTM2SjJaTFlLSHBMWWdQa2o3SzdsTlNmQXFJQlh4Qzd4Z3F3UDh3cW1aSy1sakFoUmVLUXg1LWdHWGNqQTBrWTRTRndTSHdaVDFrSVEyd0tCZ0ZycTJUSGFlVEhoUUFRVGZRcWVuS1dJYVFsUQ?oc=5,The Cut,Los Angeles,CA,34.1141,-118.4068,Los Angeles,0.9
news,Police: Man arrested for assaulting elderly man during Newport protest - KPTV,"<a href=""https://news.google.com/rss/articles/CBMinwFBVV95cUxQUW9jM2VZZFpmenNOUzg2VWhWdDVBR0U2RzRneXNNbFJBVXJrUHlfUmdCbG9ra1RRdlRwaEpiUXVpek44Zk5jNWdDeVJmcFp4M2YzOVFnMGhJZ3hwdFJfZjdDM1JwQ09JMjd6cW9qUEtWZU9VeHFkY1dodHlTWmVEcUxmS3ZQb2t6NTBUTmdpeHBSWDNOMHR1NEVzazVvZE3SAbMBQVVfeXFMTi1SUzROQUZnbEc0ZlJXNmdLVDFFb0tvQjVpaVBoTVZkNVJtcU1IeWhybGJXa1kzTUJEWjRFVF9sSmZ2UHkyZURSaWNZUnZpMjhCeERTMXpwVjlqOTFOTS11dFVFQWtXYzNXX09xMWFKWTIxTDE0eU1zbldhQUN0RGw5U3pSdUtHSUZjbW1ndFYtVWpiQjZwYUNTdlg0bUY2TTROUklULVJHb1VSNTBwTnk0Q3M?oc=5"" target=""_blank"">Police: Man arrested for assaulting elderly man during Newport protest</a>&nbsp;&nbsp;<font color=""#6f6f6f"">KPTV</font>","Mon, 09 Jun 2025 18:53:00 GMT",https://news.google.com/rss/articles/CBMinwFBVV95cUxQUW9jM2VZZFpmenNOUzg2VWhWdDVBR0U2RzRneXNNbFJBVXJrUHlfUmdCbG9ra1RRdlRwaEpiUXVpek44Zk5jNWdDeVJmcFp4M2YzOVFnMGhJZ3hwdFJfZjdDM1JwQ09JMjd6cW9qUEtWZU9VeHFkY1dodHlTWmVEcUxmS3ZQb2t6NTBUTmdpeHBSWDNOMHR1NEVzazVvZE3SAbMBQVVfeXFMTi1SUzROQUZnbEc0ZlJXNmdLVDFFb0tvQjVpaVBoTVZkNVJtcU1IeWhybGJXa1kzTUJEWjRFVF9sSmZ2UHkyZURSaWNZUnZpMjhCeERTMXpwVjlqOTFOTS11dFVFQWtXYzNXX09xMWFKWTIxTDE0eU1zbldhQUN0RGw5U3pSdUtHSUZjbW1ndFYtVWpiQjZwYUNTdlg0bUY2TTROUklULVJHb1VSNTBwTnk0Q3M?oc=5,KPTV,,,,,,0.3
news,Los Angeles immigration protest clashes: What’s the latest and what’s next? - Al Jazeera,"<a href=""https://news.google.com/rss/articles/CBMiqgFBVV95cUxQUWEtTHRxYS1LMksyWnNzR2laSVVNakpiNEE2RHJOcFpwQ2tscHVaRXlzUWVQXzNHalF6MDZyQldXQnFYV3YyV3VHWWpKam9pZGdrR0t5czNIWVVmSlJmZnBUbmh4X1NwQ241WXJuY3F0NDZ1VFRVUmpuMGFRcWgzbE1aX0Z1bnM1c1lpYWNXOE9EUWpROGl0UldQd1Q2aHBvbUJ1ekViZjFsUdIBrwFBVV95cUxNaTh3THR2N1pvUnpoNWZKcFJLUzZORWZhWk1rTWRMbjJLWWxIR1FNc09QYTJHT1lrS0RzV2VGcVZncl9PUFVfWE9JQ3RBb2lsVFB0clFvQkdCbUpIMWd4MWMtSjNpTVBFQ2VZNHVUY21TS2d3aFVUZ0NLSXJkbkFkd25USGVDZzYyQll5MWVXUkNELS1MRmZ1S3NBTmlRQkR0SDZFam1DN1ctZzlzQ3JN?oc=5"" target=""_blank"">Los Angeles immigration protest clashes: What’s the latest and what’s next?</a>&nbsp;&nbsp;<font color=""#6f6f6f"">Al Jazeera</font>","Mon, 09 Jun 2025 15:38:32 GMT",https://news.google.com/rss/articles/CBMiqgFBVV95cUxQUWEtTHRxYS1LMksyWnNzR2laSVVNakpiNEE2RHJOcFpwQ2tscHVaRXlzUWVQXzNHalF6MDZyQldXQnFYV3YyV3VHWWpKam9pZGdrR0t5czNIWVVmSlJmZnBUbmh4X1NwQ241WXJuY3F0NDZ1VFRVUmpuMGFRcWgzbE1aX0Z1bnM1c1lpYWNXOE9EUWpROGl0UldQd1Q2aHBvbUJ1ekViZjFsUdIBrwFBVV95cUxNaTh3THR2N1pvUnpoNWZKcFJLUzZORWZhWk1rTWRMbjJLWWxIR1FNc09QYTJHT1lrS0RzV2VGcVZncl9PUFVfWE9JQ3RBb2lsVFB0clFvQkdCbUpIMWd4MWMtSjNpTVBFQ2VZNHVUY21TS2d3aFVUZ0NLSXJkbkFkd25USGVDZzYyQll5MWVXUkNELS1MRmZ1S3NBTmlRQkR0SDZFam1DN1ctZzlzQ3JN?oc=5,Al Jazeera,Los Angeles,CA,34.1141,-118.4068,Los Angeles,0.9
news,"Dozens arrested for attempted murder, looting, arson and other crimes in LA violence - NBC4 Los Angeles","<a href=""https://news.google.com/rss/articles/CBMieEFVX3lxTE5hbkRtZl9QZ1ZDNXYxT2Z3TjV6dVl3RkhWRERORE4yemlIenlVSFFtN3lwU0tDRlh4VFU5ajVJSTRMQmFqNWRqSHBfNXlad1oyNU0wNEdxaVROXy1PQU9Cc3BobU5qUGw1N19YbVRra0FSc2ZNUS1BQ9IBgAFBVV95cUxQU3Z5bHgzeU9XcE1HSzB4cHJtal9CczhWazF2ZHkxUjBKdkZITFQwVWFybWxjMDVoUG1BbEJYSFlMS0U5Z3diSi1HcWZUclIyUjVJektsamU3X1BkYVFJdHh0RnVfQXlHdXI5REw0dEEzYWl2a3pjX05tMEJnSFJVbg?oc=5"" target=""_blank"">Dozens arrested for attempted murder, looting, arson and other crimes in LA violence</a>&nbsp;&nbsp;<font color=""#6f6f6f"">NBC4 Los Angeles</font>","Mon, 09 Jun 2025 15:09:14 GMT",https://news.google.com/rss/articles/CBMieEFVX3lxTE5hbkRtZl9QZ1ZDNXYxT2Z3TjV6dVl3RkhWRERORE4yemlIenlVSFFtN3lwU0tDRlh4VFU5ajVJSTRMQmFqNWRqSHBfNXlad1oyNU0wNEdxaVROXy1PQU9Cc3BobU5qUGw1N19YbVRra0FSc2ZNUS1BQ9IBgAFBVV95cUxQU3Z5bHgzeU9XcE1HSzB4cHJtal9CczhWazF2ZHkxUjBKdkZITFQwVWFybWxjMDVoUG1BbEJYSFlMS0U5Z3diSi1HcWZUclIyUjVJektsamU3X1BkYVFJdHh0RnVfQXlHdXI5REw0dEEzYWl2a3pjX05tMEJnSFJVbg?oc=5,NBC4 Los Angeles,Los Angeles,CA,34.1141,-118.4068,Los Angeles,0.9
news,What happened when Lyndon Johnson federalized the National Guard - NPR,"<a href=""https://news.google.com/rss/articles/CBMivAFBVV95cUxOcWVTVktpdVpkRFcyc01HZFRMNXNhTzV1dnUtNFp1OEN6SkFIdE5YTkJyVTQ5azI0bWx0cTVmMm5LYVItWFdwemxIdnV4NTVycGJIa2k4X2o2R0Z2QlhWVDZIMFFnRHpMdlRnS3Y1bU1FazJBQmJhM3NJQnVYSlM5YVBXWW1GbnEtNDM2SEowRkd2YlpEZS1qU1BPNHNmZ3BhNDJjOF9pU3BtWlhxNm5QV1NNMEdIOWNaX1l3Rw?oc=5"" target=""_blank"">What happened when Lyndon Johnson federalized the National Guard</a>&nbsp;&nbsp;<font color=""#6f6f6f"">NPR</font>","Mon, 09 Jun 2025 22:38:24 GMT",https://news.google.com/rss/articles/CBMivAFBVV95cUxOcWVTVktpdVpkRFcyc01HZFRMNXNhTzV1dnUtNFp1OEN6SkFIdE5YTkJyVTQ5azI0bWx0cTVmMm5LYVItWFdwemxIdnV4NTVycGJIa2k4X2o2R0Z2QlhWVDZIMFFnRHpMdlRnS3Y1bU1FazJBQmJhM3NJQnVYSlM5YVBXWW1GbnEtNDM2SEowRkd2YlpEZS1qU1BPNHNmZ3BhNDJjOF9pU3BtWlhxNm5QV1NNMEdIOWNaX1l3Rw?oc=5,NPR,,,,,,0.3
news,ICE protest takes place in downtown Austin - FOX 7 Austin,"<a href=""https://news.google.com/rss/articles/CBMiUkFVX3lxTFBFSmxwdERGTFlNakRjZHd3aFNKa1JiYVYxdTZiMnNacmNkWjRJRHZzTFpZNDlweDlUTnpBTnJENEtuRWtVYVB6VkhvTHkwS0V4VWfSAVdBVV95cUxQclFqOTI3WWVDaEMzRDFsV0c1M1E0cDc0ZzlyeVZ5ZWhrS2VLNmEzMzNaeHhUX2pBTVFoa05yS1RWMElBMTVGNGRYb3piNHhYcDR4UHBuS00?oc=5"" target=""_blank"">ICE protest takes place in downtown Austin</a>&nbsp;&nbsp;<font color=""#6f6f6f"">FOX 7 Austin</font>","Tue, 10 Jun 2025 02:18:00 GMT",https://news.google.com/rss/articles/CBMiUkFVX3lxTFBFSmxwdERGTFlNakRjZHd3aFNKa1JiYVYxdTZiMnNacmNkWjRJRHZzTFpZNDlweDlUTnpBTnJENEtuRWtVYVB6VkhvTHkwS0V4VWfSAVdBVV95cUxQclFqOTI3WWVDaEMzRDFsV0c1M1E0cDc0ZzlyeVZ5ZWhrS2VLNmEzMzNaeHhUX2pBTVFoa05yS1RWMElBMTVGNGRYb3piNHhYcDR4UHBuS00?oc=5,FOX 7 Austin,Austin,TX,30.3005,-97.7522,Travis,0.9
news,Watch live: Hundreds protest ICE raids in Dallas - WFAA,"<a href=""https://news.google.com/rss/articles/CBMi2AFBVV95cUxQWDVsSEpWbk1wSHdjcUdtS2JpOGRUWDZjWmFaQTc0NkppcmVNSHB4T2hYT2V1ek5xZ05VVFRidUs0ekllc1UyVzVadUJseUZ4aW8xNFVac3dZcExxbm5XUS1ReThVbW0zcks1cldyX1dVMmxvZkNEbEJEVE9FanlKMGpOZ1A4VUJCRW40NVhYeFVnemJfMlByMC1ZRWtfLXRla2xycXppUlhXUGZyaG52SDg5eVg5dGlKZ2FxR0NFQmxoc29xaVk0Q2RsRHM1cWg0MUd6RzJqWlo?oc=5"" target=""_blank"">Watch live: Hundreds protest ICE raids in Dallas</a>&nbsp;&nbsp;<font color=""#6f6f6f"">WFAA</font>","Tue, 10 Jun 2025 02:14:00 GMT",https://news.google.com/rss/articles/CBMi2AFBVV95cUxQWDVsSEpWbk1wSHdjcUdtS2JpOGRUWDZjWmFaQTc0NkppcmVNSHB4T2hYT2V1ek5xZ05VVFRidUs0ekllc1UyVzVadUJseUZ4aW8xNFVac3dZcExxbm5XUS1ReThVbW0zcks1cldyX1dVMmxvZkNEbEJEVE9FanlKMGpOZ1A4VUJCRW40NVhYeFVnemJfMlByMC1ZRWtfLXRla2xycXppUlhXUGZyaG52SDg5eVg5dGlKZ2FxR0NFQmxoc29xaVk0Q2RsRHM1cWg0MUd6RzJqWlo?oc=5,WFAA,Dallas,TX,32.7935,-96.7667,Dallas,0.9
news,Several hundred NIH employees sign a letter of protest to the agency’s director - statnews.com,"<a href=""https://news.google.com/rss/articles/CBMiqwFBVV95cUxNMXNhbTVVM0lsZWdRbTFPcVJLdUZaMlk0Y3BpR3hxRnZJUVNxNFZlZnlSamZYS1NDbEhVVnFyMm5uUjRlWE1BX0V2SUNLd2tHV3pCd0lTNnJENkVNWndkY19pZUxVMml4WC0xSEI3NDYwc21HU0RLZFAxYU1zM3dZY1FSU1RSYTl6blRYa0ZJWmNlTlUzM0Zzb0JDX0FpVjEwbWt4MUVUVUJzaVU?oc=5"" target=""_blank"">Several hundred NIH employees sign a letter of protest to the agency’s director</a>&nbsp;&nbsp;<font color=""#6f6f6f"">statnews.com</font>","Mon, 09 Jun 2025 14:33:45 GMT",https://news.google.com/rss/articles/CBMiqwFBVV95cUxNMXNhbTVVM0lsZWdRbTFPcVJLdUZaMlk0Y3BpR3hxRnZJUVNxNFZlZnlSamZYS1NDbEhVVnFyMm5uUjRlWE1BX0V2SUNLd2tHV3pCd0lTNnJENkVNWndkY19pZUxVMml4WC0xSEI3NDYwc21HU0RLZFAxYU1zM3dZY1FSU1RSYTl6blRYa0ZJWmNlTlUzM0Zzb0JDX0FpVjEwbWt4MUVUVUJzaVU?oc=5,statnews.com,,,,,,0.3
news,"Sheriff says riot in Tennessee prison is contained, inmates back in cells - CBS News","<a href=""https://news.google.com/rss/articles/CBMibkFVX3lxTE5RLTRBTVVUVlRZcS1lVjA2QTR1blMtSXJPc0ZmeHYyOTZ5OGV1TjRBMmx4TmtRU202dnZjRlF1al82U3ExMjExUjFwTkY2NUZkdnpUdlZHWFFpcUJRLWNEVGFFOF9FR24zMHpNSkFR0gFzQVVfeXFMTjZ2d2ZjSFRMNlNDcVA5QWhlV285WFNkUXRYR2N2QW9rd2szMXJLZHRnNVlMRzI2dHUtQmpjVV9md3MwYnN2YkQwelo5M2ZHMUQzdUtkRDZUbkV0RHNodWlYZlJtUS1iN0NpR3M4cVRmaXhqQQ?oc=5"" target=""_blank"">Sheriff says riot in Tennessee prison is contained, inmates back in cells</a>&nbsp;&nbsp;<font color=""#6f6f6f"">CBS News</font>","Mon, 09 Jun 2025 17:13:00 GMT",https://news.google.com/rss/articles/CBMibkFVX3lxTE5RLTRBTVVUVlRZcS1lVjA2QTR1blMtSXJPc0ZmeHYyOTZ5OGV1TjRBMmx4TmtRU202dnZjRlF1al82U3ExMjExUjFwTkY2NUZkdnpUdlZHWFFpcUJRLWNEVGFFOF9FR24zMHpNSkFR0gFzQVVfeXFMTjZ2d2ZjSFRMNlNDcVA5QWhlV285WFNkUXRYR2N2QW9rd2szMXJLZHRnNVlMRzI2dHUtQmpjVV9md3MwYnN2YkQwelo5M2ZHMUQzdUtkRDZUbkV0RHNodWlYZlJtUS1iN0NpR3M4cVRmaXhqQQ?oc=5,CBS News,Tennessee,IL,40.4114,-90.8363,McDonough,0.9
news,California Clashed With Trump Over Protest Response - The New York Times,"<a href=""https://news.google.com/rss/articles/CBMilwFBVV95cUxQSFpoT3RpZmFXaWRlTDA3b2wzZ2hMWFhCRVduazVQc3hoY3c1NTFDMnRTR2k0UmZqeVphV2lKQkE1Wk9icHY3N3ZOQWZSVDNmQ19MY0ZQVnU0U256OHRQb2N2LU1NRTNQWkFKcHRXU1hXLUVIdnB6dlVWVGVJaVJjUndhOUpEd29ObEZwSkJwQlJRVmFJb29v?oc=5"" target=""_blank"">California Clashed With Trump Over Protest Response</a>&nbsp;&nbsp;<font color=""#6f6f6f"">The New York Times</font>","Mon, 09 Jun 2025 21:37:11 GMT",https://news.google.com/rss/articles/CBMilwFBVV95cUxQSFpoT3RpZmFXaWRlTDA3b2wzZ2hMWFhCRVduazVQc3hoY3c1NTFDMnRTR2k0UmZqeVphV2lKQkE1Wk9icHY3N3ZOQWZSVDNmQ19MY0ZQVnU0U256OHRQb2N2LU1NRTNQWkFKcHRXU1hXLUVIdnB6dlVWVGVJaVJjUndhOUpEd29ObEZwSkJwQlJRVmFJb29v?oc=5,The New York Times,California,MD,38.2969,-76.4949,St. Mary's,0.9
news,Dallas police blocking off bridge in Anti-ICE protest - FOX 4 News Dallas-Fort Worth,"<a href=""https://news.google.com/rss/articles/CBMiT0FVX3lxTE1qTVRzbTNTMjBYNWNDWlg0UDRBM19tTEJtcGdOLXRZSW1qdEFweS1JeFdXSW5fMjh0Y2NJSWVrbktGQ3dFYVNDWV9wUTVBNDTSAVRBVV95cUxQLWZkZkNjMlJ2Y29HVFQ1aVQ0dDdmbFEwRi13ZmN1MkNrTUZfS19oMU1UWmZoWUdmQjNQNFZJOXZEanBZenZtTzRqUUFnbGVGS0ZPS1g?oc=5"" target=""_blank"">Dallas police blocking off bridge in Anti-ICE protest</a>&nbsp;&nbsp;<font color=""#6f6f6f"">FOX 4 News Dallas-Fort Worth</font>","Tue, 10 Jun 2025 02:40:00 GMT",https://news.google.com/rss/articles/CBMiT0FVX3lxTE1qTVRzbTNTMjBYNWNDWlg0UDRBM19tTEJtcGdOLXRZSW1qdEFweS1JeFdXSW5fMjh0Y2NJSWVrbktGQ3dFYVNDWV9wUTVBNDTSAVRBVV95cUxQLWZkZkNjMlJ2Y29HVFQ1aVQ0dDdmbFEwRi13ZmN1MkNrTUZfS19oMU1UWmZoWUdmQjNQNFZJOXZEanBZenZtTzRqUUFnbGVGS0ZPS1g?oc=5,FOX 4 News Dallas-Fort Worth,Dallas,TX,32.7935,-96.7667,Dallas,0.9
news,Hundreds in Seattle rally for union leader arrested in L.A. anti-ICE protest - The Seattle Times,"<a href=""https://news.google.com/rss/articles/CBMitAFBVV95cUxOcVB2T1Z0Vlg3XzhtRldqQ1NrM1B2d0oyV3NkYm5DVHRlNTk0U2VhdGVFVmF6ZXJ1RTN4OE8zYjVvVXJndl9BdWl4MlptenJQZGZFbGVzZHpfOUJFYi0xc1JIYjF2SW80clVsWjdhTlZSSVFQSVRaeHZTeW5yRE9IeEVLTmZrN0dqRzhIOGxLeVcwVXR5ZWJFdkUxOFN3R2d2UlBWQVFWcDlUaDJxbmJNbmVuYTc?oc=5"" target=""_blank"">Hundreds in Seattle rally for union leader arrested in L.A. anti-ICE protest</a>&nbsp;&nbsp;<font color=""#6f6f6f"">The Seattle Times</font>","Mon, 09 Jun 2025 23:01:53 GMT",https://news.google.com/rss/articles/CBMitAFBVV95cUxOcVB2T1Z0Vlg3XzhtRldqQ1NrM1B2d0oyV3NkYm5DVHRlNTk0U2VhdGVFVmF6ZXJ1RTN4OE8zYjVvVXJndl9BdWl4MlptenJQZGZFbGVzZHpfOUJFYi0xc1JIYjF2SW80clVsWjdhTlZSSVFQSVRaeHZTeW5yRE9IeEVLTmZrN0dqRzhIOGxLeVcwVXR5ZWJFdkUxOFN3R2d2UlBWQVFWcDlUaDJxbmJNbmVuYTc?oc=5,The Seattle Times,Seattle,WA,47.6211,-122.3244,King,0.9
news,The Most Memorable Photos of Protests Erupting in Los Angeles Over Immigration Raids - Time Magazine,"<a href=""https://news.google.com/rss/articles/CBMiZkFVX3lxTE9sSTdkaV9YdVNDbGVQY2ZPYnN0UHdlXzhVX2JLUDJDa0dJLXNwbWV6aF9wdjJIYmxXUkJYQlZ4R29DZHRvcGFJTmE3Q0k4YW9LQkRpTGFvSDBJM1h5c0Nic0Zsa0tqUQ?oc=5"" target=""_blank"">The Most Memorable Photos of Protests Erupting in Los Angeles Over Immigration Raids</a>&nbsp;&nbsp;<font color=""#6f6f6f"">Time Magazine</font>","Mon, 09 Jun 2025 15:47:26 GMT",https://news.google.com/rss/articles/CBMiZkFVX3lxTE9sSTdkaV9YdVNDbGVQY2ZPYnN0UHdlXzhVX2JLUDJDa0dJLXNwbWV6aF9wdjJIYmxXUkJYQlZ4R29DZHRvcGFJTmE3Q0k4YW9LQkRpTGFvSDBJM1h5c0Nic0Zsa0tqUQ?oc=5,Time Magazine,Los Angeles,CA,34.1141,-118.4068,Los Angeles,0.9
news,'Like watching the Animal Channel': Riot at CoreCivic prison leads to calls for state takeover - News Channel 5 Nashville,"<a href=""https://news.google.com/rss/articles/CBMitwFBVV95cUxPUWYtQVZBcGZxd2ZMNDZ4Mkd1NWxfX3ZPWkJ5SlQtUHZVcFhMOUdaWG4wNTZabnByOVZuWUgzRnJhTXg4akpmMlN4WlBBS01BTGgyQTB2R3hIemNidFRLQzNuMFBuUXUzenhNdHhwc3hxOXFxWjBsdHVLMjQ2TWVvcnpGbVlQRG9SdURhWHQ5cU1zLWlMVmJXTnhqLXVTRDcyc21VR2VHc3EtSHQ5UVVzOVp4aXNfTDg?oc=5"" target=""_blank"">'Like watching the Animal Channel': Riot at CoreCivic prison leads to calls for state takeover</a>&nbsp;&nbsp;<font color=""#6f6f6f"">News Channel 5 Nashville</font>","Mon, 09 Jun 2025 22:18:33 GMT",https://news.google.com/rss/articles/CBMitwFBVV95cUxPUWYtQVZBcGZxd2ZMNDZ4Mkd1NWxfX3ZPWkJ5SlQtUHZVcFhMOUdaWG4wNTZabnByOVZuWUgzRnJhTXg4akpmMlN4WlBBS01BTGgyQTB2R3hIemNidFRLQzNuMFBuUXUzenhNdHhwc3hxOXFxWjBsdHVLMjQ2TWVvcnpGbVlQRG9SdURhWHQ5cU1zLWlMVmJXTnhqLXVTRDcyc21VR2VHc3EtSHQ5UVVzOVp4aXNfTDg?oc=5,News Channel 5 Nashville,Nashville,TN,36.1715,-86.7842,Davidson,0.9
news,"Over 150 Arrested in SF Protest, Dozens More Than Police First Reported - KQED","<a href=""https://news.google.com/rss/articles/CBMirwFBVV95cUxPc0NhSkpuN0puNWxIc1ZTZ2djSUJDTTdnN3h4Q21VbEt2WUU0UHJUcEpUNGdkRlpaYmJ4VVhKVTVIRVZCd0xsb3dKUS05dlV6dEk4YmlMOVQ0WmpleURzcWFzQ0xadkk1MFpSUnhGSEZVZC14U00wdnhGMUVjdS1WbVZ5bk1ZX01oemhRWEZ4QmduWW90bWlQdVlQbVpRY1hvTkpYai1LRWE3SkRscGVZ?oc=5"" target=""_blank"">Over 150 Arrested in SF Protest, Dozens More Than Police First Reported</a>&nbsp;&nbsp;<font color=""#6f6f6f"">KQED</font>","Mon, 09 Jun 2025 18:00:27 GMT",https://news.google.com/rss/articles/CBMirwFBVV95cUxPc0NhSkpuN0puNWxIc1ZTZ2djSUJDTTdnN3h4Q21VbEt2WUU0UHJUcEpUNGdkRlpaYmJ4VVhKVTVIRVZCd0xsb3dKUS05dlV6dEk4YmlMOVQ0WmpleURzcWFzQ0xadkk1MFpSUnhGSEZVZC14U00wdnhGMUVjdS1WbVZ5bk1ZX01oemhRWEZ4QmduWW90bWlQdVlQbVpRY1hvTkpYai1LRWE3SkRscGVZ?oc=5,KQED,,,,,,0.3
news,US deploys Marines to Los Angeles as police break up fourth day of protests - Reuters,"<a href=""https://news.google.com/rss/articles/CBMirgFBVV95cUxOTC1uZWo4UnltcUtPbk9TYTN2V1lvMlFmbWdqNzNCZDJQbkdwb2pnX2FPNWFYY09TZ1RVMnFuMk0xOEVKSWUtQjQ0TkRnZ3R4cVNUcnlUS2l5NTVMVG80azFfQUthbGFkblE4MzFFN190Z3FjSzZ2RTktNjRySy1RMngtVXVyMGNMOFJEQU1TXzZzaTA1dlA0cXhaRVlteEMzNEI1dkJZWnM4eVhCSVE?oc=5"" target=""_blank"">US deploys Marines to Los Angeles as police break up fourth day of protests</a>&nbsp;&nbsp;<font color=""#6f6f6f"">Reuters</font>","Tue, 10 Jun 2025 01:44:00 GMT",https://news.google.com/rss/articles/CBMirgFBVV95cUxOTC1uZWo4UnltcUtPbk9TYTN2V1lvMlFmbWdqNzNCZDJQbkdwb2pnX2FPNWFYY09TZ1RVMnFuMk0xOEVKSWUtQjQ0TkRnZ3R4cVNUcnlUS2l5NTVMVG80azFfQUthbGFkblE4MzFFN190Z3FjSzZ2RTktNjRySy1RMngtVXVyMGNMOFJEQU1TXzZzaTA1dlA0cXhaRVlteEMzNEI1dkJZWnM4eVhCSVE?oc=5,Reuters,Los Angeles,CA,34.1141,-118.4068,Los Angeles,0.9
news,Anti-ICE protesters march through Downtown Austin - KVUE,"<a href=""https://news.google.com/rss/articles/CBMi0wFBVV95cUxOeUN1T3BDMTlUNExkSEVjclRIb012WF9Ua2dlN0hERTNIMDlGRnNveXZtUW9YU3lYcnJRUlI1T3hfcklPNXA1MGx2S2NyZUE4MjR3TTBrYnEwSjJvdjBZUV81WUdQc1p6Y3h4dVJzRG9kOGdzUF9YR0pOU0Z5M1lWNGlOTDZuNDRlQ1MxM2ZzRktHa2NHMVVhdU16dHVST2g2dXpRa1hHSVd3dUNQMzdEUzJvTUZ3Q0VtWlEtT1JYM2U0Q0xMTGdBczhCWG1fX1htZENR?oc=5"" target=""_blank"">Anti-ICE protesters march through Downtown Austin</a>&nbsp;&nbsp;<font color=""#6f6f6f"">KVUE</font>","Tue, 10 Jun 2025 03:07:00 GMT",https://news.google.com/rss/articles/CBMi0wFBVV95cUxOeUN1T3BDMTlUNExkSEVjclRIb012WF9Ua2dlN0hERTNIMDlGRnNveXZtUW9YU3lYcnJRUlI1T3hfcklPNXA1MGx2S2NyZUE4MjR3TTBrYnEwSjJvdjBZUV81WUdQc1p6Y3h4dVJzRG9kOGdzUF9YR0pOU0Z5M1lWNGlOTDZuNDRlQ1MxM2ZzRktHa2NHMVVhdU16dHVST2g2dXpRa1hHSVd3dUNQMzdEUzJvTUZ3Q0VtWlEtT1JYM2U0Q0xMTGdBczhCWG1fX1htZENR?oc=5,KVUE,,,,,,0.3
news,National Guard deployed in Los Angeles during protest clashes - USA Today,"<a href=""https://news.google.com/rss/articles/CBMi1AFBVV95cUxQcDN0NFNlQTZ3Z3ZpRmktTEQtN1loazFVTThaeDFpejVwRi1vcXNVUjI3LVNzZzgybkViS1RnZUY5LVpDcUV4LU1aNUxMYlg2eUV3Q0tralctUWhZRnFMSlZBT3NsU1p3MjktY3AwMXlSYmVxSGxGLTVlZEpRVG9zRkdBWnVTMXdtcXJBVng4RmhQakRhaGMwS1BSUUI1cEYtLUZPVm96YWNqWEo4c0Jrb3pjZWRXNU5MV0paVU1jUk8ySEFJb2pDTkhDcVgyNm96MGxYSA?oc=5"" target=""_blank"">National Guard deployed in Los Angeles during protest clashes</a>&nbsp;&nbsp;<font color=""#6f6f6f"">USA Today</font>","Tue, 10 Jun 2025 00:21:10 GMT",https://news.google.com/rss/articles/CBMi1AFBVV95cUxQcDN0NFNlQTZ3Z3ZpRmktTEQtN1loazFVTThaeDFpejVwRi1vcXNVUjI3LVNzZzgybkViS1RnZUY5LVpDcUV4LU1aNUxMYlg2eUV3Q0tralctUWhZRnFMSlZBT3NsU1p3MjktY3AwMXlSYmVxSGxGLTVlZEpRVG9zRkdBWnVTMXdtcXJBVng4RmhQakRhaGMwS1BSUUI1cEYtLUZPVm96YWNqWEo4c0Jrb3pjZWRXNU5MV0paVU1jUk8ySEFJb2pDTkhDcVgyNm96MGxYSA?oc=5,USA Today,Los Angeles,CA,34.1141,-118.4068,Los Angeles,0.9
news,L.A. City Council aide put on unpaid leave following arrest at anti-ICE protest - Los Angeles Times,"<a href=""https://news.google.com/rss/articles/CBMiugFBVV95cUxQdFFqLWROekJKYW16WUNaMHNjMWFuUjVCVnptVzlkY1c5cjV6TVE0emxsZlByclFPMjg4d1Y0ZXZRWlRfNVBsUmtHbGtmdFhuNVFvR2FyR29UdEdTZGRDYmQ5dnpoaFpoNHBzZHJIdFZWR25zdklmemlFX2VyTXItMHVJT0FyM3dGblNGR1FBbFRFOHU4eGNITmROdTRlM19qOVlTOTBWUWRZX1NpaV8ydml3bS14MC1jRUE?oc=5"" target=""_blank"">L.A. City Council aide put on unpaid leave following arrest at anti-ICE protest</a>&nbsp;&nbsp;<font color=""#6f6f6f"">Los Angeles Times</font>","Mon, 09 Jun 2025 19:48:49 GMT",https://news.google.com/rss/articles/CBMiugFBVV95cUxQdFFqLWROekJKYW16WUNaMHNjMWFuUjVCVnptVzlkY1c5cjV6TVE0emxsZlByclFPMjg4d1Y0ZXZRWlRfNVBsUmtHbGtmdFhuNVFvR2FyR29UdEdTZGRDYmQ5dnpoaFpoNHBzZHJIdFZWR25zdklmemlFX2VyTXItMHVJT0FyM3dGblNGR1FBbFRFOHU4eGNITmROdTRlM19qOVlTOTBWUWRZX1NpaV8ydml3bS14MC1jRUE?oc=5,Los Angeles Times,Los Angeles,CA,34.1141,-118.4068,Los Angeles,0.9
news,Downtown Houston No Kings immigration protest to counter Flag Day parade on Trump’s 79th birthday - Click2Houston,"<a href=""https://news.google.com/rss/articles/CBMi4wFBVV95cUxOc2Q3ajZXTFctTFZZVVVFOEROLV83TllZMnBlSEFOcGstdF9vcVZQWk4wV0RTREd0RFlxN0MwWjRIcm14RE1ISEd0OU9Rcm9hUjAtVUFCaWc3M0pUZ1NXcnJsOEhWbzBVd1NiNlZ4M2NMZkVYRFhhc2pRR2dpMXRlOV9NX05sNUdlRGZKS2dDbkt0N2tHc0JjLVZVSWVwajRQQUUtdktKS0JYaHIxRmp4XzRkVHJIZ3l2RkI5NnM1SUNwN0Y4MGExNFdSdW5KbEdUVzUwV25JeGRtd2o0NXhFNkNCZw?oc=5"" target=""_blank"">Downtown Houston No Kings immigration protest to counter Flag Day parade on Trump’s 79th birthday</a>&nbsp;&nbsp;<font color=""#6f6f6f"">Click2Houston</font>","Mon, 09 Jun 2025 20:27:31 GMT",https://news.google.com/rss/articles/CBMi4wFBVV95cUxOc2Q3ajZXTFctTFZZVVVFOEROLV83TllZMnBlSEFOcGstdF9vcVZQWk4wV0RTREd0RFlxN0MwWjRIcm14RE1ISEd0OU9Rcm9hUjAtVUFCaWc3M0pUZ1NXcnJsOEhWbzBVd1NiNlZ4M2NMZkVYRFhhc2pRR2dpMXRlOV9NX05sNUdlRGZKS2dDbkt0N2tHc0JjLVZVSWVwajRQQUUtdktKS0JYaHIxRmp4XzRkVHJIZ3l2RkI5NnM1SUNwN0Y4MGExNFdSdW5KbEdUVzUwV25JeGRtd2o0NXhFNkNCZw?oc=5,Click2Houston,Houston,TX,29.786,-95.3885,Harris,0.9
news,Finneas Says He Was Tear-Gassed at Los Angeles ICE Protest - The Hollywood Reporter,"<a href=""https://news.google.com/rss/articles/CBMiqAFBVV95cUxPTFFyaEo3WUwwb09WVmk1Z1BJUnNSd0cxQmRrbXRYbXlLQUhOR3hDN241RWRfNnhFZFhtS0JJSXd2QjlOc0MtYTdRZE5VX1ZGdmV6b0tXLW0yOThPUFZZNmpWd0lRdUFuRTkxWF9PNEtiaHFWRVRjMUFraFdaZXY3SE9FUUs4MUM4aXZsaXo5YkxyR0Y5VjE1eExRS1B2TG9GQzAtcGJ2SHc?oc=5"" target=""_blank"">Finneas Says He Was Tear-Gassed at Los Angeles ICE Protest</a>&nbsp;&nbsp;<font color=""#6f6f6f"">The Hollywood Reporter</font>","Mon, 09 Jun 2025 13:31:08 GMT",https://news.google.com/rss/articles/CBMiqAFBVV95cUxPTFFyaEo3WUwwb09WVmk1Z1BJUnNSd0cxQmRrbXRYbXlLQUhOR3hDN241RWRfNnhFZFhtS0JJSXd2QjlOc0MtYTdRZE5VX1ZGdmV6b0tXLW0yOThPUFZZNmpWd0lRdUFuRTkxWF9PNEtiaHFWRVRjMUFraFdaZXY3SE9FUUs4MUM4aXZsaXo5YkxyR0Y5VjE1eExRS1B2TG9GQzAtcGJ2SHc?oc=5,The Hollywood Reporter,Los Angeles,CA,34.1141,-118.4068,Los Angeles,0.9
news,Journalist Shot with Explosive Device While Wearing Press Badge at L.A. Protest Shares His 'Surprise' at Officers' Escalation - People.com,"<a href=""https://news.google.com/rss/articles/CBMirAFBVV95cUxQeVFScVlJZWlxeDAzcEZkRTN6VDNLdkVLR1RlWlYtbWRhZ2o2dzdDclVCX3NJd3M2cTZKSS1mamo1MWFBZ3B2SGFKWHd1SEt6OXRJWFhxdmdMTTM3cVpkbVBlVTlCeXd2OVhpMkxGS0h6Tnp2VXBSaGMyUGtNa2E1b0N3VDVOcXBzcy1lT1hZWVI0cjZTaERQbmFFVG1NcGZoQjBtUjJ5U0ZzUV9L?oc=5"" target=""_blank"">Journalist Shot with Explosive Device While Wearing Press Badge at L.A. Protest Shares His 'Surprise' at Officers' Escalation</a>&nbsp;&nbsp;<font color=""#6f6f6f"">People.com</font>","Tue, 10 Jun 2025 00:35:23 GMT",https://news.google.com/rss/articles/CBMirAFBVV95cUxQeVFScVlJZWlxeDAzcEZkRTN6VDNLdkVLR1RlWlYtbWRhZ2o2dzdDclVCX3NJd3M2cTZKSS1mamo1MWFBZ3B2SGFKWHd1SEt6OXRJWFhxdmdMTTM3cVpkbVBlVTlCeXd2OVhpMkxGS0h6Tnp2VXBSaGMyUGtNa2E1b0N3VDVOcXBzcy1lT1hZWVI0cjZTaERQbmFFVG1NcGZoQjBtUjJ5U0ZzUV9L?oc=5,People.com,Surprise,AZ,33.6815,-112.4515,Maricopa,0.9
news,"Tennessee prison riot: 4 injured including guard, lockdown in effect - USA Today","<a href=""https://news.google.com/rss/articles/CBMiwwFBVV95cUxONlA3SEtMYi1oamRNODVIVTl0bmhvVVpTNU1NQ2dRMXJ2RndmSVdCUUtYdWFCYzRiSDk1LXFHVU54Q1Z3TDBxUHJjbnhSNDBIMDBDOU5JYWRiTjdENURKaWNnbmpKNGxwQ25CVTJlYzk4WkhlajBRVnQ1SjlEYTZYTk9tVm1tb2JMUFFXdDdwTGMwQ0Y4dE4yYXRSX1Jpc1NVWFlHakdMdGstNDhGMk4yQmN4YmFyRkV5U1lVQW84cmQ4dVk?oc=5"" target=""_blank"">Tennessee prison riot: 4 injured including guard, lockdown in effect</a>&nbsp;&nbsp;<font color=""#6f6f6f"">USA Today</font>","Mon, 09 Jun 2025 16:43:42 GMT",https://news.google.com/rss/articles/CBMiwwFBVV95cUxONlA3SEtMYi1oamRNODVIVTl0bmhvVVpTNU1NQ2dRMXJ2RndmSVdCUUtYdWFCYzRiSDk1LXFHVU54Q1Z3TDBxUHJjbnhSNDBIMDBDOU5JYWRiTjdENURKaWNnbmpKNGxwQ25CVTJlYzk4WkhlajBRVnQ1SjlEYTZYTk9tVm1tb2JMUFFXdDdwTGMwQ0Y4dE4yYXRSX1Jpc1NVWFlHakdMdGstNDhGMk4yQmN4YmFyRkV5U1lVQW84cmQ4dVk?oc=5,USA Today,Tennessee,IL,40.4114,-90.8363,McDonough,0.9
news,Riot police and protesters clash after LA immigration raids - BBC,"<a href=""https://news.google.com/rss/articles/CBMiV0FVX3lxTE8tYXFIaGplQm1sTmVFa0lqUjNmSFM1TF9RMEZwSDB0bmhXc2ttX0h4Vm03SXZJMHhFSjd3Q0Vucl9aNkl2ZzR0aW92ZExrbXh3VWZjd2hySQ?oc=5"" target=""_blank"">Riot police and protesters clash after LA immigration raids</a>&nbsp;&nbsp;<font color=""#6f6f6f"">BBC</font>","Sat, 07 Jun 2025 11:03:13 GMT",https://news.google.com/rss/articles/CBMiV0FVX3lxTE8tYXFIaGplQm1sTmVFa0lqUjNmSFM1TF9RMEZwSDB0bmhXc2ttX0h4Vm03SXZJMHhFSjd3Q0Vucl9aNkl2ZzR0aW92ZExrbXh3VWZjd2hySQ?oc=5,BBC,,,,,,0.3
news,"Live updates on the LA protests: Trump authorizes the deployment of additional 2,000 National Guard members - AP News","<a href=""https://news.google.com/rss/articles/CBMiZ0FVX3lxTE1QMU1PYVhqSnFyVGRYOGdwX1R0Ni0xTGstT1Z0ZUNQajI0eE5oTFJOeENDbXQwTWhUdkNEVWZuUG0tTnZTWWpDQm9COUVkOHhQZmhQSHZxSXpGZmtBaWZBUlBxYnZiemc?oc=5"" target=""_blank"">Live updates on the LA protests: Trump authorizes the deployment of additional 2,000 National Guard members</a>&nbsp;&nbsp;<font color=""#6f6f6f"">AP News</font>","Tue, 10 Jun 2025 03:58:03 GMT",https://news.google.com/rss/articles/CBMiZ0FVX3lxTE1QMU1PYVhqSnFyVGRYOGdwX1R0Ni0xTGstT1Z0ZUNQajI0eE5oTFJOeENDbXQwTWhUdkNEVWZuUG0tTnZTWWpDQm9COUVkOHhQZmhQSHZxSXpGZmtBaWZBUlBxYnZiemc?oc=5,AP News,,,,,,0.3
news,ICE protestors march to Aurora ICE detention facility in solidarity with LA deportations - KDVR,"<a href=""https://news.google.com/rss/articles/CBMiuAFBVV95cUxPSk1MZVdLRm9ndjZHalZsdDBmTkFzN0RQNl9QemhISGNMU29kVzBFX1c5ZHdIclAtR1ZqMldtLTYxRUt5aXEzbHo4OTllUHFuRUtvZlpyT1FvMnlZSFZxNzBGdVUtSGhzUjBLNWM4QVFjb2w0bzF4c3hQN01may1OcWk5cUE5ekd5SFFDemRUT0F0eU55N0ZMUkc3UWhfazRIVEx1WlhVOTZ1UDJyMnMwU2wyVjNtSHdu0gG-AUFVX3lxTE00NTV6V0EtWG9ldHJIQjQydTBpRGdaVGljdWMzRkdGbnhjYUI0Nm8yaG9lbkhaXzRJU0dRWFg3Vzc1YTIzdnR0YUpfc1BlNDd6dU5WVlpIaDRNNVJuT1IzYzA5OW42b0JHaDV1VU5RQmpwSmFva1NQWlA0Ym80ZXR6ejNmSXR0TElaWTJtMDI2ZTNxYkVLTTlyRkdoUURiZk1ROGNFTW83UXFEUy02bGczXzZXNFBHSGJSTHJqc1E?oc=5"" target=""_blank"">ICE protestors march to Aurora ICE detention facility in solidarity with LA deportations</a>&nbsp;&nbsp;<font color=""#6f6f6f"">KDVR</font>","Tue, 10 Jun 2025 00:59:45 GMT",https://news.google.com/rss/articles/CBMiuAFBVV95cUxPSk1MZVdLRm9ndjZHalZsdDBmTkFzN0RQNl9QemhISGNMU29kVzBFX1c5ZHdIclAtR1ZqMldtLTYxRUt5aXEzbHo4OTllUHFuRUtvZlpyT1FvMnlZSFZxNzBGdVUtSGhzUjBLNWM4QVFjb2w0bzF4c3hQN01may1OcWk5cUE5ekd5SFFDemRUT0F0eU55N0ZMUkc3UWhfazRIVEx1WlhVOTZ1UDJyMnMwU2wyVjNtSHdu0gG-AUFVX3lxTE00NTV6V0EtWG9ldHJIQjQydTBpRGdaVGljdWMzRkdGbnhjYUI0Nm8yaG9lbkhaXzRJU0dRWFg3Vzc1YTIzdnR0YUpfc1BlNDd6dU5WVlpIaDRNNVJuT1IzYzA5OW42b0JHaDV1VU5RQmpwSmFva1NQWlA0Ym80ZXR6ejNmSXR0TElaWTJtMDI2ZTNxYkVLTTlyRkdoUURiZk1ROGNFTW83UXFEUy02bGczXzZXNFBHSGJSTHJqc1E?oc=5,KDVR,Aurora,CO,39.7083,-104.7237,Arapahoe,0.9
news,Thousands march through Rome demanding end to war in Gaza - PBS,"<a href=""https://news.google.com/rss/articles/CBMinAFBVV95cUxNRU9QM3pFYzhqa0pKNnNsYWNPSnN4RHJiY3lmSVYtWjJnWEVyWDk1aFgzRExMZEpMTUZhSVUtSGY2aGUxenNkNkh5TVFXQmp3Q1JoMFJTVkFseXdMbldmUXpfcVVOWm1qbUFhWS1XQmkzcnJRdnZwQjlWdmxQS2RYM3FGeVpzdWVvUDhSNmtJTnJlYW9VSVRXaXh2bljSAaIBQVVfeXFMTTlPUmJka2U0UFc2MmNuYXFrLXVLVTZ3SzlMN3FyWWo4Y2w1MlpSWHJOWEJDUVhicWZHdWp0bU5iQnVJcTJJYzA2SEcydXJKczZReU95Y2U0U2pqUlN0R19pYjhxZE85WmFrUkpJNkpDRHprZnlpVnJudUxKLWgyaHNqb0ZBZG10czJWaHY0RjFiX1Y1Ujl4bU1JV3Zvb3hta3Nn?oc=5"" target=""_blank"">Thousands march through Rome demanding end to war in Gaza</a>&nbsp;&nbsp;<font color=""#6f6f6f"">PBS</font>","Sat, 07 Jun 2025 20:19:20 GMT",https://news.google.com/rss/articles/CBMinAFBVV95cUxNRU9QM3pFYzhqa0pKNnNsYWNPSnN4RHJiY3lmSVYtWjJnWEVyWDk1aFgzRExMZEpMTUZhSVUtSGY2aGUxenNkNkh5TVFXQmp3Q1JoMFJTVkFseXdMbldmUXpfcVVOWm1qbUFhWS1XQmkzcnJRdnZwQjlWdmxQS2RYM3FGeVpzdWVvUDhSNmtJTnJlYW9VSVRXaXh2bljSAaIBQVVfeXFMTTlPUmJka2U0UFc2MmNuYXFrLXVLVTZ3SzlMN3FyWWo4Y2w1MlpSWHJOWEJDUVhicWZHdWp0bU5iQnVJcTJJYzA2SEcydXJKczZReU95Y2U0U2pqUlN0R19pYjhxZE85WmFrUkpJNkpDRHprZnlpVnJudUxKLWgyaHNqb0ZBZG10czJWaHY0RjFiX1Y1Ujl4bU1JV3Zvb3hta3Nn?oc=5,PBS,,,,,,0.3
news,"Chicago ICE raids protests today: Advocates hold Daley Plaza protest, blame Donald Trump for unrest during Los Angeles protests - ABC7 Chicago","<a href=""https://news.google.com/rss/articles/CBMi0gFBVV95cUxNZnZFQU5uZzNheE8zbS0zeGFuZ01nd1dMR1o1VE1nQmk1VTFUYllNS2dMN2ZPZnA1Rzk4UUM5V00zVXBHUGp6RXYwTHBmQlFqc0FWR3JpTUotaUw0dWs5a3NPZDUzd0Fja1ZHVzBTUHpVcXNnZVVQNVV1Ti1Ua0twa1ROYW9BZlk3dE4wMS0wdVNHZy1Ba0pJZlFYVFIwV01DclBuc05fbVRRMzhuRUFJX3pUc3RvdEs4clR3MW1YSVVlUXNpNWhCdDhDWTh6X1pVRWfSAdcBQVVfeXFMUDU3M2N1SlBjNHRwdVVFTEJHelduYk00c19YQUJMMENsajJKNHlUbFVWejlEQ3ItVDd3cEgyblE5SUlyd2F5aGFCcFRLd1JGNkc3WWJaVEpEeVotdnFOajNUcFp1WlctT0ZmLVM3TmhKbWZmaEFERC1GSDc0MmVnaGRPX1FZVGstVy1qbUVua180dDBncVZrRTdMOFJXZDktLXlEcEc1eEpNOHlraC1zOGotNmVNS0V6VXFQekM1bDh5RkxDck9wWVNZM2t2dFZqNnpVSzdQbUE?oc=5"" target=""_blank"">Chicago ICE raids protests today: Advocates hold Daley Plaza protest, blame Donald Trump for unrest during Los Angeles protests</a>&nbsp;&nbsp;<font color=""#6f6f6f"">ABC7 Chicago</font>","Mon, 09 Jun 2025 18:27:31 GMT",https://news.google.com/rss/articles/CBMi0gFBVV95cUxNZnZFQU5uZzNheE8zbS0zeGFuZ01nd1dMR1o1VE1nQmk1VTFUYllNS2dMN2ZPZnA1Rzk4UUM5V00zVXBHUGp6RXYwTHBmQlFqc0FWR3JpTUotaUw0dWs5a3NPZDUzd0Fja1ZHVzBTUHpVcXNnZVVQNVV1Ti1Ua0twa1ROYW9BZlk3dE4wMS0wdVNHZy1Ba0pJZlFYVFIwV01DclBuc05fbVRRMzhuRUFJX3pUc3RvdEs4clR3MW1YSVVlUXNpNWhCdDhDWTh6X1pVRWfSAdcBQVVfeXFMUDU3M2N1SlBjNHRwdVVFTEJHelduYk00c19YQUJMMENsajJKNHlUbFVWejlEQ3ItVDd3cEgyblE5SUlyd2F5aGFCcFRLd1JGNkc3WWJaVEpEeVotdnFOajNUcFp1WlctT0ZmLVM3TmhKbWZmaEFERC1GSDc0MmVnaGRPX1FZVGstVy1qbUVua180dDBncVZrRTdMOFJXZDktLXlEcEc1eEpNOHlraC1zOGotNmVNS0V6VXFQekM1bDh5RkxDck9wWVNZM2t2dFZqNnpVSzdQbUE?oc=5,ABC7 Chicago,Chicago,IL,41.8375,-87.6866,Cook,0.9
news,"LA Protests Monday: Trump and Newsom clash, Marines and National Guard deployed - Reuters","<a href=""https://news.google.com/rss/articles/CBMivgFBVV95cUxQeUVXQkVjZTk2MjFEYm5nOHd0Y3VsNjEzMVB0YlhwVTZ0YllvZ3U1ZjYwWkRaek8xMnE3anlhSThqOWlWRmxWZWVTUkpfVXJmN2ZKeWFQTzVTQWFleVlqNXc1MUZjaFpsR0Mtd0JwdnVocWlBMlZnRWRLX0JiNGNLR0docG82ODNqUURqTTZMdjktNzdfQ01yU3Q5QW1wLVJILWhrb2NxcEFMZVZkbXZEZlF0cDdjRnY4NlFfVHR3?oc=5"" target=""_blank"">LA Protests Monday: Trump and Newsom clash, Marines and National Guard deployed</a>&nbsp;&nbsp;<font color=""#6f6f6f"">Reuters</font>","Mon, 09 Jun 2025 12:20:57 GMT",https://news.google.com/rss/articles/CBMivgFBVV95cUxQeUVXQkVjZTk2MjFEYm5nOHd0Y3VsNjEzMVB0YlhwVTZ0YllvZ3U1ZjYwWkRaek8xMnE3anlhSThqOWlWRmxWZWVTUkpfVXJmN2ZKeWFQTzVTQWFleVlqNXc1MUZjaFpsR0Mtd0JwdnVocWlBMlZnRWRLX0JiNGNLR0docG82ODNqUURqTTZMdjktNzdfQ01yU3Q5QW1wLVJILWhrb2NxcEFMZVZkbXZEZlF0cDdjRnY4NlFfVHR3?oc=5,Reuters,,,,,,0.3
news,In photos: Marines deployed to LA on 4th day of immigration protests - Axios,"<a href=""https://news.google.com/rss/articles/CBMiigFBVV95cUxNM0RXbmtocHdCcERvNWdMWTRsZ2RnYzliQzZBcC1YT1hTeThGNGNkd2psOXhVNkJmWEF6OVlSTWVKMk1BajFkUlF3TDNMT3YwMU8zUE01WTFnRk16WDlwWndJMUs3d3hYc3dkcVZPeVVQVUR4enJCZ3dJNlJHcXlXTVlfeE1FX0hFbFE?oc=5"" target=""_blank"">In photos: Marines deployed to LA on 4th day of immigration protests</a>&nbsp;&nbsp;<font color=""#6f6f6f"">Axios</font>","Mon, 09 Jun 2025 11:43:04 GMT",https://news.google.com/rss/articles/CBMiigFBVV95cUxNM0RXbmtocHdCcERvNWdMWTRsZ2RnYzliQzZBcC1YT1hTeThGNGNkd2psOXhVNkJmWEF6OVlSTWVKMk1BajFkUlF3TDNMT3YwMU8zUE01WTFnRk16WDlwWndJMUs3d3hYc3dkcVZPeVVQVUR4enJCZ3dJNlJHcXlXTVlfeE1FX0hFbFE?oc=5,Axios,,,,,,0.3
news,Labor Leader Arrested During LA Immigration Protest Is Released on Bond - The New York Times,"<a href=""https://news.google.com/rss/articles/CBMijgFBVV95cUxOUzJVNXNKeEdrZ2xULWcyUHJZSFJmdU1Bb2tNUWRVWVBsUEwyVHVlM0JZMDN5VVdseFE1WjYxR1ZDVmJweG90N05WbUl6RVdDMnYzYWE1TTZ5QUo0aHRvQ0M4bVNkRnRwZDhlRjJjeDlXc29wVWV2eElNd1dyT0VoUDloa1l5TGVkOWpNZ1p3?oc=5"" target=""_blank"">Labor Leader Arrested During LA Immigration Protest Is Released on Bond</a>&nbsp;&nbsp;<font color=""#6f6f6f"">The New York Times</font>","Mon, 09 Jun 2025 22:52:07 GMT",https://news.google.com/rss/articles/CBMijgFBVV95cUxOUzJVNXNKeEdrZ2xULWcyUHJZSFJmdU1Bb2tNUWRVWVBsUEwyVHVlM0JZMDN5VVdseFE1WjYxR1ZDVmJweG90N05WbUl6RVdDMnYzYWE1TTZ5QUo0aHRvQ0M4bVNkRnRwZDhlRjJjeDlXc29wVWV2eElNd1dyT0VoUDloa1l5TGVkOWpNZ1p3?oc=5,The New York Times,New York,NY,40.6943,-73.9249,Queens,0.9
news,‘We Dissent’: NIH Workers Protest Trump Policies That ‘Harm the Health of Americans’ - KFF Health News,"<a href=""https://news.google.com/rss/articles/CBMiqwFBVV95cUxQOFRFQUFqY2J6OEdKTjVQTDdUSGtXY213dVhRdGlWRkgtVWhMQ21Ud3Y0TnVzUUkyYjk0ZlpzX0Y3Ulpja1AxdEltTWxlbl93SFE0Rm1xQWFwTk1wUUI5NHZIVndBNDFOclJhOHdfdWxDSXpyUy1aMjhjVS1qOHl6QmRQd09Wd1N0Q1prZDFBVzljeVlWUE5aMGRONkxLTXFTb2RGaGY1aFpiQjQ?oc=5"" target=""_blank"">‘We Dissent’: NIH Workers Protest Trump Policies That ‘Harm the Health of Americans’</a>&nbsp;&nbsp;<font color=""#6f6f6f"">KFF Health News</font>","Mon, 09 Jun 2025 09:21:32 GMT",https://news.google.com/rss/articles/CBMiqwFBVV95cUxQOFRFQUFqY2J6OEdKTjVQTDdUSGtXY213dVhRdGlWRkgtVWhMQ21Ud3Y0TnVzUUkyYjk0ZlpzX0Y3Ulpja1AxdEltTWxlbl93SFE0Rm1xQWFwTk1wUUI5NHZIVndBNDFOclJhOHdfdWxDSXpyUy1aMjhjVS1qOHl6QmRQd09Wd1N0Q1prZDFBVzljeVlWUE5aMGRONkxLTXFTb2RGaGY1aFpiQjQ?oc=5,KFF Health News,,,,,,0.3
news,"Recap: Waymo cars burn, demonstrators block freeway on third day of LA protests - NBC4 Los Angeles","<a href=""https://news.google.com/rss/articles/CBMiigFBVV95cUxNSFJVUm90X3NkeEgxNFo5SHJvLUdPRUh3aGl0ZWlUaDU5YWtCT0d0OGxCMDVDZXRCbUtBVzRZQ1pkcVNvTm11TXVIZ1diQUxkS2xTMllQc2YxUGRGaGRNaFZGaGxTQTBqM3RlX3pCRl8wODVWZmhWQkg1Wm9feUY2dFdhVW9wT2VwMFHSAZIBQVVfeXFMTk5HVzhoWElpTWN5ZkU4dndkdnR6ZGNMMkFCdy1VeXFSNG5mckVkSldrTTdhdjlzWDNQZVd5WGRsX0ZWMUYtWnh4bTBSNXlJVWltZ0pjczkzdFhZT1lIdTk2M3MwNlVtZU1wT3hmbkxCMy0yYUZ5Y3VGX2RyME1VUWZ1ZkdsSzJ2OVNnWWYxd0pwckE?oc=5"" target=""_blank"">Recap: Waymo cars burn, demonstrators block freeway on third day of LA protests</a>&nbsp;&nbsp;<font color=""#6f6f6f"">NBC4 Los Angeles</font>","Mon, 09 Jun 2025 07:20:46 GMT",https://news.google.com/rss/articles/CBMiigFBVV95cUxNSFJVUm90X3NkeEgxNFo5SHJvLUdPRUh3aGl0ZWlUaDU5YWtCT0d0OGxCMDVDZXRCbUtBVzRZQ1pkcVNvTm11TXVIZ1diQUxkS2xTMllQc2YxUGRGaGRNaFZGaGxTQTBqM3RlX3pCRl8wODVWZmhWQkg1Wm9feUY2dFdhVW9wT2VwMFHSAZIBQVVfeXFMTk5HVzhoWElpTWN5ZkU4dndkdnR6ZGNMMkFCdy1VeXFSNG5mckVkSldrTTdhdjlzWDNQZVd5WGRsX0ZWMUYtWnh4bTBSNXlJVWltZ0pjczkzdFhZT1lIdTk2M3MwNlVtZU1wT3hmbkxCMy0yYUZ5Y3VGX2RyME1VUWZ1ZkdsSzJ2OVNnWWYxd0pwckE?oc=5,NBC4 Los Angeles,Los Angeles,CA,34.1141,-118.4068,Los Angeles,0.9
news,"Riot police, anti-ICE protesters square off in Los Angeles after raids - Reuters","<a href=""https://news.google.com/rss/articles/CBMisAFBVV95cUxOT0RfTnY2Y2FSV25LbzVUbm9LYUJuLXRoSGdsM3U3SzZoZWE3RjJpNVYxbFRnLWc2WXlyaDN3ak1fRHI4UTh6dTJnWnpfVTRpUEVLRGFJVUd2RWMtQ1hnZlpPbmtLY2RCNzFFdmg2cUZnM0xoTHE3ZXpDM1labm5TRGJzOUM5Vm1ZWTV1V25CaHViOUdZUHpQRjU5VnZCb0s3YUpQTklkLVdyT3NpdWpYWA?oc=5"" target=""_blank"">Riot police, anti-ICE protesters square off in Los Angeles after raids</a>&nbsp;&nbsp;<font color=""#6f6f6f"">Reuters</font>","Sat, 07 Jun 2025 14:14:15 GMT",https://news.google.com/rss/articles/CBMisAFBVV95cUxOT0RfTnY2Y2FSV25LbzVUbm9LYUJuLXRoSGdsM3U3SzZoZWE3RjJpNVYxbFRnLWc2WXlyaDN3ak1fRHI4UTh6dTJnWnpfVTRpUEVLRGFJVUd2RWMtQ1hnZlpPbmtLY2RCNzFFdmg2cUZnM0xoTHE3ZXpDM1labm5TRGJzOUM5Vm1ZWTV1V25CaHViOUdZUHpQRjU5VnZCb0s3YUpQTklkLVdyT3NpdWpYWA?oc=5,Reuters,Los Angeles,CA,34.1141,-118.4068,Los Angeles,0.9
news,The Mexican Flag Becomes a Potent L.A. Protest Symbol - The New York Times,"<a href=""https://news.google.com/rss/articles/CBMigAFBVV95cUxNRkZEYjFLdTEzSTNoQzNJV0VvdXVHU2JLRm1iX3hnZk54VWRwSFYzZVp5UVMySWtmTTFvZkdJX0JmWnVTLTJPUXNCRGphX1YzWGhkaTQyVVZjQTJmZHRWRG5mdmowdUMxU1JGelFfSUdUVTdadVVpVlVRbGo4VVdpag?oc=5"" target=""_blank"">The Mexican Flag Becomes a Potent L.A. Protest Symbol</a>&nbsp;&nbsp;<font color=""#6f6f6f"">The New York Times</font>","Mon, 09 Jun 2025 09:14:00 GMT",https://news.google.com/rss/articles/CBMigAFBVV95cUxNRkZEYjFLdTEzSTNoQzNJV0VvdXVHU2JLRm1iX3hnZk54VWRwSFYzZVp5UVMySWtmTTFvZkdJX0JmWnVTLTJPUXNCRGphX1YzWGhkaTQyVVZjQTJmZHRWRG5mdmowdUMxU1JGelFfSUdUVTdadVVpVlVRbGo4VVdpag?oc=5,The New York Times,New York,NY,40.6943,-73.9249,Queens,0.9
news,California labor leader charged with impeding officer during immigration crackdown - AP News,"<a href=""https://news.google.com/rss/articles/CBMisAFBVV95cUxPUmNpM2xHTVVya2tRQ1gyZ0JTRUdFcXF1Zjl5RzhnMUpoMTJLbXhyazZfakFJb3pRSU5RaWZvYWxFRlUwbjlONWNQMzNJN0ZHdXE4NVE4U3RuaXBlV2Q2NzFUa3JQZWVncjJ4QVEzRjE2WlJjczR6ZXFVQWpyVVlScFAxSTRXQ1hhMlc3a0lTWUY0bFRtRXZ3WFR4QW5kTTE4eFk3eFExU2hacFI0LWhTaA?oc=5"" target=""_blank"">California labor leader charged with impeding officer during immigration crackdown</a>&nbsp;&nbsp;<font color=""#6f6f6f"">AP News</font>","Mon, 09 Jun 2025 22:46:00 GMT",https://news.google.com/rss/articles/CBMisAFBVV95cUxPUmNpM2xHTVVya2tRQ1gyZ0JTRUdFcXF1Zjl5RzhnMUpoMTJLbXhyazZfakFJb3pRSU5RaWZvYWxFRlUwbjlONWNQMzNJN0ZHdXE4NVE4U3RuaXBlV2Q2NzFUa3JQZWVncjJ4QVEzRjE2WlJjczR6ZXFVQWpyVVlScFAxSTRXQ1hhMlc3a0lTWUY0bFRtRXZ3WFR4QW5kTTE4eFk3eFExU2hacFI0LWhTaA?oc=5,AP News,California,MD,38.2969,-76.4949,St. Mary's,0.9
news,"Trump using National Guard in LA is an 'abuse of power,' says national security expert - NPR","<a href=""https://news.google.com/rss/articles/CBMilwFBVV95cUxNcmtkel81UEVxOXQ0S19fTy1rQnRJei1leDZZb1B0Z24ycGtLR0loV3JVeEdIYjdZblJNRTBuN3E2SnJoNWxMUTBKbUNZVWFoYnFxc2xUTUZyMjdMMVplbnRGREVHbGZycGdaTS1FMF80c1Nid3lvejN6TW9Xd0Y4MDhZalFMMmJEemd6bVhKckozNEFPVHpV?oc=5"" target=""_blank"">Trump using National Guard in LA is an 'abuse of power,' says national security expert</a>&nbsp;&nbsp;<font color=""#6f6f6f"">NPR</font>","Mon, 09 Jun 2025 18:08:59 GMT",https://news.google.com/rss/articles/CBMilwFBVV95cUxNcmtkel81UEVxOXQ0S19fTy1rQnRJei1leDZZb1B0Z24ycGtLR0loV3JVeEdIYjdZblJNRTBuN3E2SnJoNWxMUTBKbUNZVWFoYnFxc2xUTUZyMjdMMVplbnRGREVHbGZycGdaTS1FMF80c1Nid3lvejN6TW9Xd0Y4MDhZalFMMmJEemd6bVhKckozNEFPVHpV?oc=5,NPR,,,,,,0.3
news,Downtown protest held in response to escalating events in LA - KSL News,"<a href=""https://news.google.com/rss/articles/CBMingFBVV95cUxOWmFhN1RTd1IyVFZmT1VPS2haQi1LMjg0dDVxX1lNakxnN1c0M2NuZjNTY0IyWXFJMG1KUVVDTENsYnpBcXFlVUhPTmtiaEJacFlkcDJmNHZOYVVsX25FLUluRFUyZGZGN0tPendhTlFnY2RRNkhYQzNPUTh5UWQ3X0RHcndZTkdrUlJzWjZuT1RCSTRqb1V4MmZ1c1Eydw?oc=5"" target=""_blank"">Downtown protest held in response to escalating events in LA</a>&nbsp;&nbsp;<font color=""#6f6f6f"">KSL News</font>","Mon, 09 Jun 2025 14:39:47 GMT",https://news.google.com/rss/articles/CBMingFBVV95cUxOWmFhN1RTd1IyVFZmT1VPS2haQi1LMjg0dDVxX1lNakxnN1c0M2NuZjNTY0IyWXFJMG1KUVVDTENsYnpBcXFlVUhPTmtiaEJacFlkcDJmNHZOYVVsX25FLUluRFUyZGZGN0tPendhTlFnY2RRNkhYQzNPUTh5UWQ3X0RHcndZTkdrUlJzWjZuT1RCSTRqb1V4MmZ1c1Eydw?oc=5,KSL News,,,,,,0.3
news,A convoy sets off for Gaza from North Africa to protest Israel’s blockade - AP News,"<a href=""https://news.google.com/rss/articles/CBMiqAFBVV95cUxNX2J4Xy01QmZ3U3JYbThwX3hGQjJMeHE5VzNrZW53LUVrRE5YeTV1azctN3dDSjk2cHdBOFE4eGtyUUlrUWxmSDI0UWtKYUlqeFVOWVE4N2xIWDFHSk92ai0zMlMtcF9jd3dNR3MtcnNyUmNrMGxaTXc4OUlIeTBWVDd5empHcnR2NWYzbjdvU2tRYnNCaWUzWlFvREt5SUwxanlzNTlSRXk?oc=5"" target=""_blank"">A convoy sets off for Gaza from North Africa to protest Israel’s blockade</a>&nbsp;&nbsp;<font color=""#6f6f6f"">AP News</font>","Mon, 09 Jun 2025 19:39:00 GMT",https://news.google.com/rss/articles/CBMiqAFBVV95cUxNX2J4Xy01QmZ3U3JYbThwX3hGQjJMeHE5VzNrZW53LUVrRE5YeTV1azctN3dDSjk2cHdBOFE4eGtyUUlrUWxmSDI0UWtKYUlqeFVOWVE4N2xIWDFHSk92ai0zMlMtcF9jd3dNR3MtcnNyUmNrMGxaTXc4OUlIeTBWVDd5empHcnR2NWYzbjdvU2tRYnNCaWUzWlFvREt5SUwxanlzNTlSRXk?oc=5,AP News,,,,,,0.3
news,ICE protest in S.F.: More than 150 arrested in chaotic demonstration against National Guard - San Francisco Chronicle,"<a href=""https://news.google.com/rss/articles/CBMiqwFBVV95cUxNZWZ2YjNnVG8wUnVRX25Mb2xwQ1FjT1FaRk5VRFZFOUIwRlp0RDFCd0J5X1JlelJZN3RxZndlYkplaU9hQTdMckVDUWZfT3N3TXRyeVlZaFVSOGJpTUNGSFJmTVBwQlhyZ283UUlMV3Rxem96dFFVQks1NjhTUWFhN1FJdnlKeWhJUnZseVdTaWUxOGRWMFdMOEJ0Y2NzY1N6bDVweXhfOFBiQWM?oc=5"" target=""_blank"">ICE protest in S.F.: More than 150 arrested in chaotic demonstration against National Guard</a>&nbsp;&nbsp;<font color=""#6f6f6f"">San Francisco Chronicle</font>","Mon, 09 Jun 2025 13:04:21 GMT",https://news.google.com/rss/articles/CBMiqwFBVV95cUxNZWZ2YjNnVG8wUnVRX25Mb2xwQ1FjT1FaRk5VRFZFOUIwRlp0RDFCd0J5X1JlelJZN3RxZndlYkplaU9hQTdMckVDUWZfT3N3TXRyeVlZaFVSOGJpTUNGSFJmTVBwQlhyZ283UUlMV3Rxem96dFFVQks1NjhTUWFhN1FJdnlKeWhJUnZseVdTaWUxOGRWMFdMOEJ0Y2NzY1N6bDVweXhfOFBiQWM?oc=5,San Francisco Chronicle,San Francisco,CA,37.7558,-122.4449,San Francisco,0.9
news,Labor unions around US demand release of union leader arrested in LA protest - The Guardian,"<a href=""https://news.google.com/rss/articles/CBMiiAFBVV95cUxPYXRUTnp0X2tpVU5MUmljRUlpSnA3Zm80bURjUl94bGFDczJGTFk2RDlvOHQ0Ti1nTkdkc3JCSTdlSlV4RGE5T3N2dGxIUGg0SVF0anNva0NQN09IQ0o3MTFSZ0hMRnhVTlJHQ1pXeWJ5WmtTbXBfZXJrb0hfX0xmNWM3SEhTZTdn?oc=5"" target=""_blank"">Labor unions around US demand release of union leader arrested in LA protest</a>&nbsp;&nbsp;<font color=""#6f6f6f"">The Guardian</font>","Mon, 09 Jun 2025 15:33:00 GMT",https://news.google.com/rss/articles/CBMiiAFBVV95cUxPYXRUTnp0X2tpVU5MUmljRUlpSnA3Zm80bURjUl94bGFDczJGTFk2RDlvOHQ0Ti1nTkdkc3JCSTdlSlV4RGE5T3N2dGxIUGg0SVF0anNva0NQN09IQ0o3MTFSZ0hMRnhVTlJHQ1pXeWJ5WmtTbXBfZXJrb0hfX0xmNWM3SEhTZTdn?oc=5,The Guardian,,,,,,0.3
news,In pictures: Clashes in Los Angeles for third day after anti-immigration raids - Reuters,"<a href=""https://news.google.com/rss/articles/CBMivgFBVV95cUxON2tScjEwUXIwTEg0WTM5MTdMaVFyRnU4WXpjRlpObXNzdkExdFh5eDFNd0tCaGVqc1VLSmk3ckE3ZmFxa01BOWpJV3Y1UzlRR25yakJjdzZwRFFlNmtnVXBoQ2lTLWRqMGw3eUJhNXgtZjZsLTd0WmhHNzNmcHhmbWlUc0Z3MW1oaGxkVWN6QVdXNHdJNXh3RGdNVnR1VUZxZ180aWVqV1RiRlg5c3I5NXpPSXFZY0dtdmpNS0Fn?oc=5"" target=""_blank"">In pictures: Clashes in Los Angeles for third day after anti-immigration raids</a>&nbsp;&nbsp;<font color=""#6f6f6f"">Reuters</font>","Mon, 09 Jun 2025 12:55:00 GMT",https://news.google.com/rss/articles/CBMivgFBVV95cUxON2tScjEwUXIwTEg0WTM5MTdMaVFyRnU4WXpjRlpObXNzdkExdFh5eDFNd0tCaGVqc1VLSmk3ckE3ZmFxa01BOWpJV3Y1UzlRR25yakJjdzZwRFFlNmtnVXBoQ2lTLWRqMGw3eUJhNXgtZjZsLTd0WmhHNzNmcHhmbWlUc0Z3MW1oaGxkVWN6QVdXNHdJNXh3RGdNVnR1VUZxZ180aWVqV1RiRlg5c3I5NXpPSXFZY0dtdmpNS0Fn?oc=5,Reuters,Los Angeles,CA,34.1141,-118.4068,Los Angeles,0.9
news,Community members in Owensboro come out to protest ICE - WFIE | 14 News,"<a href=""https://news.google.com/rss/articles/CBMiiwFBVV95cUxNQnFHZ3RZNXFmWFI5YnZQaGFEdlpCaTF5UzdEVjNuUU1fRHB6SER0bmhhNkR1X0hhcHZjSHdFVHhlT2lmcEZtMEE5cG5OMkxoWmxMWFFRNHZyOTdTa3VUdG9vZDQ5ZVk1X2huck9BblFhM3VkeGp6MmJSM0dHR24zSV9HaW9tamNTZFdF0gGfAUFVX3lxTFBncTdFemRDRmdfalF2U0lQU3pycDljWmw3c0dUQV94QngzUFNTVkEzVGFsZHNUaUNwNnBuY1R4dlNqYzNMRTUweVl5c2FuY2hqS0MxSlhJLWVtTHh1bGN2NHR6cHFoYllGVGRkTlJ1LWM5anJIMWlRUWRaU2hQWURCUW0yMXIxZ2JrZmx2NXpVbm56Y3ZhTVR4RUF1X0IyMA?oc=5"" target=""_blank"">Community members in Owensboro come out to protest ICE</a>&nbsp;&nbsp;<font color=""#6f6f6f"">WFIE | 14 News</font>","Tue, 10 Jun 2025 03:15:00 GMT",https://news.google.com/rss/articles/CBMiiwFBVV95cUxNQnFHZ3RZNXFmWFI5YnZQaGFEdlpCaTF5UzdEVjNuUU1fRHB6SER0bmhhNkR1X0hhcHZjSHdFVHhlT2lmcEZtMEE5cG5OMkxoWmxMWFFRNHZyOTdTa3VUdG9vZDQ5ZVk1X2huck9BblFhM3VkeGp6MmJSM0dHR24zSV9HaW9tamNTZFdF0gGfAUFVX3lxTFBncTdFemRDRmdfalF2U0lQU3pycDljWmw3c0dUQV94QngzUFNTVkEzVGFsZHNUaUNwNnBuY1R4dlNqYzNMRTUweVl5c2FuY2hqS0MxSlhJLWVtTHh1bGN2NHR6cHFoYllGVGRkTlJ1LWM5anJIMWlRUWRaU2hQWURCUW0yMXIxZ2JrZmx2NXpVbm56Y3ZhTVR4RUF1X0IyMA?oc=5,WFIE | 14 News,Owensboro,KY,37.7575,-87.1172,Daviess,0.9
news,"Riot breaks out at Tennessee's largest correctional facility, officials say - FOX13 Memphis","<a href=""https://news.google.com/rss/articles/CBMi7gFBVV95cUxQQXVwdFYxWUdRLWl4Q3JxN01HV2dtS1U0T3JuVUpCOHZEbm85VU5pTEZ0dXAtY0FaTzRqWG1SVGFvbnZYTXhoMTJaM0V0NWhBZE11X05CQ2hITlJuQkMzTjlZdDFkRm1fbWdITHZJVWtCelBhQUhfMjU5Sm1NWVRvUFlpdk5fU3MyWmxPT3lDREpieTh0QTR2Y2ZseUJXU1dCRmxIVS1IY2FVYjVXYjhsUlRhcE5nMEZObFB0c3pJQmRLWGxWb3BEdDIxTE9aNGFuTE1YV1VITXhfOGV0VW9KcXFVWlpiYmRqNnFUazFR?oc=5"" target=""_blank"">Riot breaks out at Tennessee's largest correctional facility, officials say</a>&nbsp;&nbsp;<font color=""#6f6f6f"">FOX13 Memphis</font>","Mon, 09 Jun 2025 10:08:00 GMT",https://news.google.com/rss/articles/CBMi7gFBVV95cUxQQXVwdFYxWUdRLWl4Q3JxN01HV2dtS1U0T3JuVUpCOHZEbm85VU5pTEZ0dXAtY0FaTzRqWG1SVGFvbnZYTXhoMTJaM0V0NWhBZE11X05CQ2hITlJuQkMzTjlZdDFkRm1fbWdITHZJVWtCelBhQUhfMjU5Sm1NWVRvUFlpdk5fU3MyWmxPT3lDREpieTh0QTR2Y2ZseUJXU1dCRmxIVS1IY2FVYjVXYjhsUlRhcE5nMEZObFB0c3pJQmRLWGxWb3BEdDIxTE9aNGFuTE1YV1VITXhfOGV0VW9KcXFVWlpiYmRqNnFUazFR?oc=5,FOX13 Memphis,Memphis,TN,35.1087,-89.9663,Shelby,0.9
news,LA protests live: Mayor hopes nightfall won’t bring ‘problems’ - The Times,"<a href=""https://news.google.com/rss/articles/CBMiqgFBVV95cUxPVDlkWGFPSFF4bUpxWjhXeVRySlVxejZ6RDlBaGxBVWFEUVRJb2xjblBVZjdhWEYyTjNRem1aX2pDdFZfNnM0UnBheVBWRlNLZklaZ040eTliNXlWSXV1ejBnMkdPZUUtOUJRWDRQdjM2OF94SU5kWEtXUlVINGFaaGhBV3dBc3BtTXVZVktfa3FObGNWa1ctZ3pCeHBZbUppZDIyWHNsMDBEUQ?oc=5"" target=""_blank"">LA protests live: Mayor hopes nightfall won’t bring ‘problems’</a>&nbsp;&nbsp;<font color=""#6f6f6f"">The Times</font>","Tue, 10 Jun 2025 03:17:00 GMT",https://news.google.com/rss/articles/CBMiqgFBVV95cUxPVDlkWGFPSFF4bUpxWjhXeVRySlVxejZ6RDlBaGxBVWFEUVRJb2xjblBVZjdhWEYyTjNRem1aX2pDdFZfNnM0UnBheVBWRlNLZklaZ040eTliNXlWSXV1ejBnMkdPZUUtOUJRWDRQdjM2OF94SU5kWEtXUlVINGFaaGhBV3dBc3BtTXVZVktfa3FObGNWa1ctZ3pCeHBZbUppZDIyWHNsMDBEUQ?oc=5,The Times,,,,,,0.3
news,Anti-ICE protest breaks out in Phoenix as Los Angeles protest intensifies - FOX 10 Phoenix,"<a href=""https://news.google.com/rss/articles/CBMihAFBVV95cUxPZ0lIYTYwazBMa3ZjMnZmOWdMb1R4YWtUR2lQRFpacnkyUkcya01LMkIwSXpseUpjSlFmbzJaamlzUHhpcDdHaUo5TjFhYlJOc19nVzVRNnZuT3VpOF9nWUdzb1F5MUlKdVJoT0xvSHlzckgtUTZ4V2Fwb2hrbnhhUUREamLSAYoBQVVfeXFMUE1VZlFDeFdJcGEyNldIRVVxdGFmeWRLX1ZHVE44d2xNbVhQcVJOUjVZUVlrYmJ2cF9UQWdrNkM5WVNUZUNtVFh0bVZBejI5YzhTYXU3dVFlbzdPQXJkNFpGSFRjcklMN09kVGxjRVpBMlpMc05HWU0tc3gxRmJ3b04zb0JkU2RuNjV3?oc=5"" target=""_blank"">Anti-ICE protest breaks out in Phoenix as Los Angeles protest intensifies</a>&nbsp;&nbsp;<font color=""#6f6f6f"">FOX 10 Phoenix</font>","Mon, 09 Jun 2025 02:55:12 GMT",https://news.google.com/rss/articles/CBMihAFBVV95cUxPZ0lIYTYwazBMa3ZjMnZmOWdMb1R4YWtUR2lQRFpacnkyUkcya01LMkIwSXpseUpjSlFmbzJaamlzUHhpcDdHaUo5TjFhYlJOc19nVzVRNnZuT3VpOF9nWUdzb1F5MUlKdVJoT0xvSHlzckgtUTZ4V2Fwb2hrbnhhUUREamLSAYoBQVVfeXFMUE1VZlFDeFdJcGEyNldIRVVxdGFmeWRLX1ZHVE44d2xNbVhQcVJOUjVZUVlrYmJ2cF9UQWdrNkM5WVNUZUNtVFh0bVZBejI5YzhTYXU3dVFlbzdPQXJkNFpGSFRjcklMN09kVGxjRVpBMlpMc05HWU0tc3gxRmJ3b04zb0JkU2RuNjV3?oc=5,FOX 10 Phoenix,Phoenix,AZ,33.5722,-112.0892,Maricopa,0.9
news,Recap: Unlawful assembly declared for all downtown LA amid violent unrest - NBC10 Philadelphia,"<a href=""https://news.google.com/rss/articles/CBMiowFBVV95cUxPcFM0WUJhVTJFczdUbXhwNEJndF91UUtuMEY1dUhXb3VfZXZvOWJtSGEzeVdMTG5kdDlPOUhyUEMwYUFOb1hrdllGb1AzRkpTbXhnTU1TRVBYYmk3c0hRam1kTGNsMTRNMW9aQjQyaEh6a0tpX1h1REY5MTgxZ3JDeUFmQnRsd2oyY2R0MTdMVzVTRHdVZ2JGcHJtUFVPM2FOVTBV0gGrAUFVX3lxTE1rMzltTUU2M1ZRbXUwXy0yYlpWZVgxTjVZLUpGUFlCakMtMUswa1dseGs2SEJMOWlDSDJna0hXY2txV3llVUFieUk1QTN1blFGSTE0UVdHVWFmWVJxYWRRVzhJTHlCaERGMUJGVHRVNlRvLWhVWXI2V2xGdloyQmxuUUdIbERybk80bDdWc2w4RmhJUW9HXzRtdVByYlpjU0JUdVR4S3AyZ1E2SQ?oc=5"" target=""_blank"">Recap: Unlawful assembly declared for all downtown LA amid violent unrest</a>&nbsp;&nbsp;<font color=""#6f6f6f"">NBC10 Philadelphia</font>","Mon, 09 Jun 2025 07:20:46 GMT",https://news.google.com/rss/articles/CBMiowFBVV95cUxPcFM0WUJhVTJFczdUbXhwNEJndF91UUtuMEY1dUhXb3VfZXZvOWJtSGEzeVdMTG5kdDlPOUhyUEMwYUFOb1hrdllGb1AzRkpTbXhnTU1TRVBYYmk3c0hRam1kTGNsMTRNMW9aQjQyaEh6a0tpX1h1REY5MTgxZ3JDeUFmQnRsd2oyY2R0MTdMVzVTRHdVZ2JGcHJtUFVPM2FOVTBV0gGrAUFVX3lxTE1rMzltTUU2M1ZRbXUwXy0yYlpWZVgxTjVZLUpGUFlCakMtMUswa1dseGs2SEJMOWlDSDJna0hXY2txV3llVUFieUk1QTN1blFGSTE0UVdHVWFmWVJxYWRRVzhJTHlCaERGMUJGVHRVNlRvLWhVWXI2V2xGdloyQmxuUUdIbERybk80bDdWc2w4RmhJUW9HXzRtdVByYlpjU0JUdVR4S3AyZ1E2SQ?oc=5,NBC10 Philadelphia,Philadelphia,PA,40.0077,-75.1339,Philadelphia,0.9
news,LA Riot Police Shoot Protester in the Head With Rubber Bullet - Newsweek,"<a href=""https://news.google.com/rss/articles/CBMiigFBVV95cUxNa3JyWWZNMC1GbDM2a0R4MTRsVGJGZmt4bkxYUmVaX1Z4S3cyNWJDM1FscFJFTmVvN1R6Ym5XdTFtbG85c1BodWlLTzRXdnlGenlPaTkyYUx0MnJLd0syekNLUEF0STRiQzVrTTA3WlVVOUNFaDdRR0NrMllxRGJZNW83aWhKbkVoRmc?oc=5"" target=""_blank"">LA Riot Police Shoot Protester in the Head With Rubber Bullet</a>&nbsp;&nbsp;<font color=""#6f6f6f"">Newsweek</font>","Mon, 09 Jun 2025 13:29:18 GMT",https://news.google.com/rss/articles/CBMiigFBVV95cUxNa3JyWWZNMC1GbDM2a0R4MTRsVGJGZmt4bkxYUmVaX1Z4S3cyNWJDM1FscFJFTmVvN1R6Ym5XdTFtbG85c1BodWlLTzRXdnlGenlPaTkyYUx0MnJLd0syekNLUEF0STRiQzVrTTA3WlVVOUNFaDdRR0NrMllxRGJZNW83aWhKbkVoRmc?oc=5,Newsweek,,,,,,0.3
news,What happened during three days of protests over immigration raids in downtown L.A. - Los Angeles Times,"<a href=""https://news.google.com/rss/articles/CBMinwFBVV95cUxOSFdIVXNoUUdlTEJoVWtvUkYzR1k0YklUdlkzNjlFM1VhS0hRcS1MNTJ4N2IwLURhdlNIcURTcWFhYTNDLW5JbHhqQ09Pb3ZYU3QzQVozOHEzS3FoMTRaV1pabktDYjMxeWV3WFFvZVh4SHFDOXRnRnpvTGxmSzdVTm1DYTNQZzc1bkEzTXo0SEJtRDFUWVVpSXVtcUFxRUE?oc=5"" target=""_blank"">What happened during three days of protests over immigration raids in downtown L.A.</a>&nbsp;&nbsp;<font color=""#6f6f6f"">Los Angeles Times</font>","Mon, 09 Jun 2025 06:18:00 GMT",https://news.google.com/rss/articles/CBMinwFBVV95cUxOSFdIVXNoUUdlTEJoVWtvUkYzR1k0YklUdlkzNjlFM1VhS0hRcS1MNTJ4N2IwLURhdlNIcURTcWFhYTNDLW5JbHhqQ09Pb3ZYU3QzQVozOHEzS3FoMTRaV1pabktDYjMxeWV3WFFvZVh4SHFDOXRnRnpvTGxmSzdVTm1DYTNQZzc1bkEzTXo0SEJtRDFUWVVpSXVtcUFxRUE?oc=5,Los Angeles Times,Los Angeles,CA,34.1141,-118.4068,Los Angeles,0.9
news,Aid to Gaza hangs by a thread amid looting and starvation - CNN,"<a href=""https://news.google.com/rss/articles/CBMifkFVX3lxTFA4RldnQ0JOUHBmaFNnQ1RfbmJaM0FiWV94ZWRWNHBMQzBKckdsQjVjLXFCMHltUVhLcGJwTThzcWYtRjNDY1lhZERJRDAxb1loRkVQQ1pYVWxGS2tVLWNEVnRRTHZyeUlBSzItWjIycXo2QjgxM05CRERzZ2JwZw?oc=5"" target=""_blank"">Aid to Gaza hangs by a thread amid looting and starvation</a>&nbsp;&nbsp;<font color=""#6f6f6f"">CNN</font>","Mon, 09 Jun 2025 19:41:00 GMT",https://news.google.com/rss/articles/CBMifkFVX3lxTFA4RldnQ0JOUHBmaFNnQ1RfbmJaM0FiWV94ZWRWNHBMQzBKckdsQjVjLXFCMHltUVhLcGJwTThzcWYtRjNDY1lhZERJRDAxb1loRkVQQ1pYVWxGS2tVLWNEVnRRTHZyeUlBSzItWjIycXo2QjgxM05CRERzZ2JwZw?oc=5,CNN,,,,,,0.3
news,Mass Looting Breaks Out as LA Riots Intensify - Newsweek,"<a href=""https://news.google.com/rss/articles/CBMigAFBVV95cUxQNnVCQlNZQkd3eXpXdXVGckVUNmQ0eEV3Q2xsOTZuNWpVanJubWtNVkhoWjJYOHZCVkVkT1F3eUh6M3VmeFQwQjBUZ3gwWlFPT191cFBNT0dIOHdralV1ZUI2NFhaeWQ1MWIyUVlFNG9HYjFQZUFvRmZiRF8wX0dpMA?oc=5"" target=""_blank"">Mass Looting Breaks Out as LA Riots Intensify</a>&nbsp;&nbsp;<font color=""#6f6f6f"">Newsweek</font>","Mon, 09 Jun 2025 07:18:03 GMT",https://news.google.com/rss/articles/CBMigAFBVV95cUxQNnVCQlNZQkd3eXpXdXVGckVUNmQ0eEV3Q2xsOTZuNWpVanJubWtNVkhoWjJYOHZCVkVkT1F3eUh6M3VmeFQwQjBUZ3gwWlFPT191cFBNT0dIOHdralV1ZUI2NFhaeWQ1MWIyUVlFNG9HYjFQZUFvRmZiRF8wX0dpMA?oc=5,Newsweek,,,,,,0.3
news,Mayor reassures Portland's commitment to sanctuary policies amid ICE protest tensions - KATU,"<a href=""https://news.google.com/rss/articles/CBMiiwJBVV95cUxQQmNLb2JIdnNDcGViMW12SkRYUkQyaXFaMlV4M05CeUk3LWpaTnduOUUzTTZfdWdIRmV6Q09hbGlFZksxd3g1RExXWGNRRENoRDg1RXNkdkE4Mm1uWXNJU0s1MC1EOGJobWVoMFR6UUVRRWdkZnFNWUtMQ0gxbmk4S01VSFhManRtQTdaXzBZSlRvXzhfR2VfRW9hMUFZSXAxRHJtQ3BJdWViSUt1dVpkVjVzVzFxQXVlOUI3MmRLalVvNWNrZ3NWaFZwbFk3bkRfWEFuYXhCLVJlWjI5NTNPcnBtbVJZZGpRUjVoUlR2Y25LMV9uZEtfYkR0aXlHRWZkT1ZpZE5ZbDVrd2s?oc=5"" target=""_blank"">Mayor reassures Portland's commitment to sanctuary policies amid ICE protest tensions</a>&nbsp;&nbsp;<font color=""#6f6f6f"">KATU</font>","Mon, 09 Jun 2025 05:32:24 GMT",https://news.google.com/rss/articles/CBMiiwJBVV95cUxQQmNLb2JIdnNDcGViMW12SkRYUkQyaXFaMlV4M05CeUk3LWpaTnduOUUzTTZfdWdIRmV6Q09hbGlFZksxd3g1RExXWGNRRENoRDg1RXNkdkE4Mm1uWXNJU0s1MC1EOGJobWVoMFR6UUVRRWdkZnFNWUtMQ0gxbmk4S01VSFhManRtQTdaXzBZSlRvXzhfR2VfRW9hMUFZSXAxRHJtQ3BJdWViSUt1dVpkVjVzVzFxQXVlOUI3MmRLalVvNWNrZ3NWaFZwbFk3bkRfWEFuYXhCLVJlWjI5NTNPcnBtbVJZZGpRUjVoUlR2Y25LMV9uZEtfYkR0aXlHRWZkT1ZpZE5ZbDVrd2s?oc=5,KATU,Portland,OR,45.5371,-122.65,Multnomah,0.9
news,Protest peacefully but please keep protesting: Senator makes plea to Los Angeles - MSNBC News,"<a href=""https://news.google.com/rss/articles/CBMizAFBVV95cUxQQjlwbndYOFY4dVFabXpZdGtaWjJQenRheTRKbFZZSGtMZ0p6TkJqTmtCdVdySVFPdUNVV3lVVElIZ2puVnJiTThHUnBtR25oYk1LLWdIMnlXUGhnR29DTVJXWkFwNld0MWMyaVNZMkFLNW5xNjMwWGp1NkNzdkwta3lqZFNUcTZLeFZac2tkS2hidFdCU05HQmVremdTYl8zQmZReDFGX2w2WVBtZEswb21Bdzk2T0JIdndsOTBrOHpqaTdVRmpEUUl1OGrSAWRBVV95cUxPUnUxY1JKSHZyUkwxS2RUMGY5RnE1SXVNRjA2cFVjYlpKTjNxdElUY2VyTlhXdk8xX0pXdVF3azg0VTlkVkdfTVRZQ3JJYThMbHRINjdHLV9MZVhuNkNPVFZORlRT?oc=5"" target=""_blank"">Protest peacefully but please keep protesting: Senator makes plea to Los Angeles</a>&nbsp;&nbsp;<font color=""#6f6f6f"">MSNBC News</font>","Mon, 09 Jun 2025 15:11:15 GMT",https://news.google.com/rss/articles/CBMizAFBVV95cUxQQjlwbndYOFY4dVFabXpZdGtaWjJQenRheTRKbFZZSGtMZ0p6TkJqTmtCdVdySVFPdUNVV3lVVElIZ2puVnJiTThHUnBtR25oYk1LLWdIMnlXUGhnR29DTVJXWkFwNld0MWMyaVNZMkFLNW5xNjMwWGp1NkNzdkwta3lqZFNUcTZLeFZac2tkS2hidFdCU05HQmVremdTYl8zQmZReDFGX2w2WVBtZEswb21Bdzk2T0JIdndsOTBrOHpqaTdVRmpEUUl1OGrSAWRBVV95cUxPUnUxY1JKSHZyUkwxS2RUMGY5RnE1SXVNRjA2cFVjYlpKTjNxdElUY2VyTlhXdk8xX0pXdVF3azg0VTlkVkdfTVRZQ3JJYThMbHRINjdHLV9MZVhuNkNPVFZORlRT?oc=5,MSNBC News,Los Angeles,CA,34.1141,-118.4068,Los Angeles,0.9
news,ICE protest begins at BART station as hundreds gather: Live coverage - The San Francisco Standard,"<a href=""https://news.google.com/rss/articles/CBMif0FVX3lxTE5vNEdJRjVfY052bjlac2xkNFdRNEg5cDNWV0lvSUozYkNUVVAzTHU3NlpZd1lCbGZXckEzNW1KUzQ4d0t2d1VEX0gwX0tsS1BwaXVMbUsyTFltUlYyaURUXzBYT3NKS0F4WHgycDY3WVNyOFBXVDBmYlFCYkRuNG8?oc=5"" target=""_blank"">ICE protest begins at BART station as hundreds gather: Live coverage</a>&nbsp;&nbsp;<font color=""#6f6f6f"">The San Francisco Standard</font>","Tue, 10 Jun 2025 01:18:45 GMT",https://news.google.com/rss/articles/CBMif0FVX3lxTE5vNEdJRjVfY052bjlac2xkNFdRNEg5cDNWV0lvSUozYkNUVVAzTHU3NlpZd1lCbGZXckEzNW1KUzQ4d0t2d1VEX0gwX0tsS1BwaXVMbUsyTFltUlYyaURUXzBYT3NKS0F4WHgycDY3WVNyOFBXVDBmYlFCYkRuNG8?oc=5,The San Francisco Standard,San Francisco,CA,37.7558,-122.4449,San Francisco,0.9
news,Live updates: Trump deploys National Guard to LA in response to immigration clashes | CNN Politics - CNN,"<a href=""https://news.google.com/rss/articles/CBMieEFVX3lxTE5wWkpEYWo1dTNNbWNtNmlHT2lldmZ4aWY2Mzd4TUdkQzctYS1mb2xXZmhIWUVRX1B2dGVlZHRIdEJHMXd0Y3dLd0U4alQyZTZsY0t3Ym96b3NzbWRncEFFNTZaNHl0ZXpZS3ZaWk9QSkM2SGtSamZEUg?oc=5"" target=""_blank"">Live updates: Trump deploys National Guard to LA in response to immigration clashes | CNN Politics</a>&nbsp;&nbsp;<font color=""#6f6f6f"">CNN</font>","Mon, 09 Jun 2025 07:04:00 GMT",https://news.google.com/rss/articles/CBMieEFVX3lxTE5wWkpEYWo1dTNNbWNtNmlHT2lldmZ4aWY2Mzd4TUdkQzctYS1mb2xXZmhIWUVRX1B2dGVlZHRIdEJHMXd0Y3dLd0U4alQyZTZsY0t3Ym96b3NzbWRncEFFNTZaNHl0ZXpZS3ZaWk9QSkM2SGtSamZEUg?oc=5,CNN,,,,,,0.3
news,National Guard deployed to Los Angeles as thousands protest immigration raids - CBS News,"<a href=""https://news.google.com/rss/articles/CBMirAFBVV95cUxNRGU5SXBfZ1QxOHY4RVgycHdsVmIzeWxlZmhnTnlGcjlhaHdKaGZLcXVPZnpRLWUzZ2h1T2pJZkJqaWcwYkdBTV9QaXQzb3ZycUhrZXRFSmVvWHhVUVlrQlQ5c2lpY1lJZl9kbjhBam1XWTdBMk9xN3lXdGV6czdTSGkxMk0yV0k5eTBDT0JVQ3BWZGNaa0piSjdHa1JPYndYb3pDRWk4anBid1Fj?oc=5"" target=""_blank"">National Guard deployed to Los Angeles as thousands protest immigration raids</a>&nbsp;&nbsp;<font color=""#6f6f6f"">CBS News</font>","Mon, 09 Jun 2025 11:03:00 GMT",https://news.google.com/rss/articles/CBMirAFBVV95cUxNRGU5SXBfZ1QxOHY4RVgycHdsVmIzeWxlZmhnTnlGcjlhaHdKaGZLcXVPZnpRLWUzZ2h1T2pJZkJqaWcwYkdBTV9QaXQzb3ZycUhrZXRFSmVvWHhVUVlrQlQ5c2lpY1lJZl9kbjhBam1XWTdBMk9xN3lXdGV6czdTSGkxMk0yV0k5eTBDT0JVQ3BWZGNaa0piSjdHa1JPYndYb3pDRWk4anBid1Fj?oc=5,CBS News,Los Angeles,CA,34.1141,-118.4068,Los Angeles,0.9
news,Protestors gather at San Antonio City Hall to protest ICE arrests - Texas Public Radio | TPR,"<a href=""https://news.google.com/rss/articles/CBMitgFBVV95cUxQTnQ1eHB2UHA4U052ampJeHR1ZUVkT2IxMjVNcUpBUjNPTENNSGJHcnB3Y2h1RDlUUVdVNFJTUERERE5pNEVoUi1hOWJVTGViRjkyLXNRSkNFaHFpcU9XYWdQV2Jxd2JHQ3YtSGF3NGkzRUhxaENtTWVRZTJ3MExPMGIxR2dqX0I3Wm9WaTd4dzBpcE10cnVUM2RaREVwa1RhREt2bnh0Z284eTYyeDVBSWhPQmpUZw?oc=5"" target=""_blank"">Protestors gather at San Antonio City Hall to protest ICE arrests</a>&nbsp;&nbsp;<font color=""#6f6f6f"">Texas Public Radio | TPR</font>","Sun, 08 Jun 2025 22:33:00 GMT",https://news.google.com/rss/articles/CBMitgFBVV95cUxQTnQ1eHB2UHA4U052ampJeHR1ZUVkT2IxMjVNcUpBUjNPTENNSGJHcnB3Y2h1RDlUUVdVNFJTUERERE5pNEVoUi1hOWJVTGViRjkyLXNRSkNFaHFpcU9XYWdQV2Jxd2JHQ3YtSGF3NGkzRUhxaENtTWVRZTJ3MExPMGIxR2dqX0I3Wm9WaTd4dzBpcE10cnVUM2RaREVwa1RhREt2bnh0Z284eTYyeDVBSWhPQmpUZw?oc=5,Texas Public Radio | TPR,San Antonio,TX,29.4632,-98.5238,Bexar,0.9
news,Chicago responds to President Donald Trump’s aggressive immigration raids with protests. Here’s what we know. - Chicago Tribune,"<a href=""https://news.google.com/rss/articles/CBMiiAFBVV95cUxNdlJqUHJvWlpYVTNkOENQRHpBRFN0QTNKNTg4TUxWdG9IZko3Z08zNnJKLTNFZURuNUtBQ2ZqQU83c1BWd1J5b1JLRml2QzlLWXY4UVZmYW9QX2gweXdSb2RWdFMtNW94b2E1dmxodUNTR0xXTjktMlJtX0NJSV9qaXVOTFU3SEpx?oc=5"" target=""_blank"">Chicago responds to President Donald Trump’s aggressive immigration raids with protests. Here’s what we know.</a>&nbsp;&nbsp;<font color=""#6f6f6f"">Chicago Tribune</font>","Mon, 09 Jun 2025 20:53:06 GMT",https://news.google.com/rss/articles/CBMiiAFBVV95cUxNdlJqUHJvWlpYVTNkOENQRHpBRFN0QTNKNTg4TUxWdG9IZko3Z08zNnJKLTNFZURuNUtBQ2ZqQU83c1BWd1J5b1JLRml2QzlLWXY4UVZmYW9QX2gweXdSb2RWdFMtNW94b2E1dmxodUNTR0xXTjktMlJtX0NJSV9qaXVOTFU3SEpx?oc=5,Chicago Tribune,Chicago,IL,41.8375,-87.6866,Cook,0.9
news,Riot at Tennessee's troubled Trousdale Turner Correctional Center leads to lockdown - The Tennessean,"<a href=""https://news.google.com/rss/articles/CBMi0wFBVV95cUxPZnFsTExTQ09kQ096XzJJVHUzcDlsRVVtV2twWjFhWlNPXzdfUVdPaHV5b05SMG1PUG04LXBaYkJSeVNtai1tZ3l4UVZkcTlrWDJYUVFxcHR5a0lQdXpSajVIVHJaZkdmQy1DZVNMUjhFMjNQRnVpb3NKZWlMejhKSHNaelZCdEdKbVBsYm1feGI5YkNhX3M0bWxGTm5nMldoOW1MMUhZTy1yYXF0LU9RTG5sRkJkN3NmTzBvdXhXX3FWdXJzTlZLMGZGYTMwTnhwR2pJ?oc=5"" target=""_blank"">Riot at Tennessee's troubled Trousdale Turner Correctional Center leads to lockdown</a>&nbsp;&nbsp;<font color=""#6f6f6f"">The Tennessean</font>","Mon, 09 Jun 2025 17:15:00 GMT",https://news.google.com/rss/articles/CBMi0wFBVV95cUxPZnFsTExTQ09kQ096XzJJVHUzcDlsRVVtV2twWjFhWlNPXzdfUVdPaHV5b05SMG1PUG04LXBaYkJSeVNtai1tZ3l4UVZkcTlrWDJYUVFxcHR5a0lQdXpSajVIVHJaZkdmQy1DZVNMUjhFMjNQRnVpb3NKZWlMejhKSHNaelZCdEdKbVBsYm1feGI5YkNhX3M0bWxGTm5nMldoOW1MMUhZTy1yYXF0LU9RTG5sRkJkN3NmTzBvdXhXX3FWdXJzTlZLMGZGYTMwTnhwR2pJ?oc=5,The Tennessean,Tennessee,IL,40.4114,-90.8363,McDonough,0.9
news,Hundreds attend anti-ICE protest in Austin in solidarity with LA protestors: See photos - Austin American-Statesman,"<a href=""https://news.google.com/rss/articles/CBMi0AFBVV95cUxOLVFsTXVNZHcxbTNGZDdZazZBMW9xVmRYWjloZjVsZ0o5RUNsRTktdHlnVUVQOHpsRXg0TXBsTWo4WlFWTjJ4aW5fZERWSXBCbkgxeDhjQUZhdF9hTEdpVGo4MzdiN3JBRGc2QV80Y2ZabEtwbUxoTThuYmNrdENQbktjaUpKTi1xbHpsYXpIZ1Q5dEpRWUpUcG91SGJZWFZzYUx1N1lzQnRFOXNjVWtUS0EtR2JjNUtPS1A2RVFCaXVLLXVaZXMwbnVWbTlHRkZa?oc=5"" target=""_blank"">Hundreds attend anti-ICE protest in Austin in solidarity with LA protestors: See photos</a>&nbsp;&nbsp;<font color=""#6f6f6f"">Austin American-Statesman</font>","Tue, 10 Jun 2025 03:26:49 GMT",https://news.google.com/rss/articles/CBMi0AFBVV95cUxOLVFsTXVNZHcxbTNGZDdZazZBMW9xVmRYWjloZjVsZ0o5RUNsRTktdHlnVUVQOHpsRXg0TXBsTWo4WlFWTjJ4aW5fZERWSXBCbkgxeDhjQUZhdF9hTEdpVGo4MzdiN3JBRGc2QV80Y2ZabEtwbUxoTThuYmNrdENQbktjaUpKTi1xbHpsYXpIZ1Q5dEpRWUpUcG91SGJZWFZzYUx1N1lzQnRFOXNjVWtUS0EtR2JjNUtPS1A2RVFCaXVLLXVaZXMwbnVWbTlHRkZa?oc=5,Austin American-Statesman,Austin,TX,30.3005,-97.7522,Travis,0.9
news,"Los Angeles, a city of immigrants, fertile ground for anti-ICE protests - USA Today","<a href=""https://news.google.com/rss/articles/CBMisgFBVV95cUxQRlNudXMxLTgtSC10bmt3eC04ODVFTTlvYUczd3UxXzBrUEFtS1VTQkNBaEpaR0NvbkJjdlhEV0tpRTJEd0lGZU9JakFhemVTVnIxX2VzVE9OZFFxQnZ6ODhnbFNqa3U0RUNsX3dyWFh2Y2MwMERuOVVKbTd6QnRtRm82c3MtS1otQV83ejNTMVNxM1EzU19BSUNJR1AwLVhyMnhPeE44RC1SSFhtaUp4VXZR?oc=5"" target=""_blank"">Los Angeles, a city of immigrants, fertile ground for anti-ICE protests</a>&nbsp;&nbsp;<font color=""#6f6f6f"">USA Today</font>","Mon, 09 Jun 2025 22:47:25 GMT",https://news.google.com/rss/articles/CBMisgFBVV95cUxQRlNudXMxLTgtSC10bmt3eC04ODVFTTlvYUczd3UxXzBrUEFtS1VTQkNBaEpaR0NvbkJjdlhEV0tpRTJEd0lGZU9JakFhemVTVnIxX2VzVE9OZFFxQnZ6ODhnbFNqa3U0RUNsX3dyWFh2Y2MwMERuOVVKbTd6QnRtRm82c3MtS1otQV83ejNTMVNxM1EzU19BSUNJR1AwLVhyMnhPeE44RC1SSFhtaUp4VXZR?oc=5,USA Today,Los Angeles,CA,34.1141,-118.4068,Los Angeles,0.9
news,Massive 'No King' protest planned in more than 1500 US cities to counter Trump's June 14 parade: 10 points - The Economic Times,"<a href=""https://news.google.com/rss/articles/CBMimAJBVV95cUxNUkdKVHZIV1FucHo4cHN4SWFUSldiTnhJM1hIeDI0OVhtM2lnZjBDS2NOdGNTenRmZndseENFc1Zsd0J6c2ZJZExGNUR2cGV3bWUwMFdPRjFLS2ZoRkUxZWg0Q1M1LW9PUEFnQnNmQUZ5TUFzOUp4OXNVRjA0Q2V1YUhBMkRWaFRwLTQ0RXNGQmFNbF9tMGhXZjAxaGlIX3VnbU41djNmM0FMMDY5U2xIeEFndXJuZmtjSGtnY1RQa3Y5ODR2azdpQWlzQnFBZm1Sb3BRX0xUTDR5S05xMnBibEVxbktqWUkxbnRRQS10eVZ6Mjg2SUd0Yk16UjZEdjRkNWN1ZVltcGVsc3FxVEliSDh6RUxsbExi?oc=5"" target=""_blank"">Massive 'No King' protest planned in more than 1500 US cities to counter Trump's June 14 parade: 10 points</a>&nbsp;&nbsp;<font color=""#6f6f6f"">The Economic Times</font>","Mon, 09 Jun 2025 13:46:45 GMT",https://news.google.com/rss/articles/CBMimAJBVV95cUxNUkdKVHZIV1FucHo4cHN4SWFUSldiTnhJM1hIeDI0OVhtM2lnZjBDS2NOdGNTenRmZndseENFc1Zsd0J6c2ZJZExGNUR2cGV3bWUwMFdPRjFLS2ZoRkUxZWg0Q1M1LW9PUEFnQnNmQUZ5TUFzOUp4OXNVRjA0Q2V1YUhBMkRWaFRwLTQ0RXNGQmFNbF9tMGhXZjAxaGlIX3VnbU41djNmM0FMMDY5U2xIeEFndXJuZmtjSGtnY1RQa3Y5ODR2azdpQWlzQnFBZm1Sb3BRX0xUTDR5S05xMnBibEVxbktqWUkxbnRRQS10eVZ6Mjg2SUd0Yk16UjZEdjRkNWN1ZVltcGVsc3FxVEliSDh6RUxsbExi?oc=5,The Economic Times,,,,,,0.3
news,Albert Ojwang's death in detention: Kenyan activists protest in Nairobi - BBC,"<a href=""https://news.google.com/rss/articles/CBMiWkFVX3lxTE1Ic3EtYkc5RFl2M2tJcEIwN3JUTm8xVTdQTzdIMFFDS2d6X3V0cC02R3VNTDA2d3ZoS284ZkhwLW1uYVBfcU9KVFN0c2MxLWJ1NTJCamwyU0xyQdIBX0FVX3lxTE04cmZzaTUxZWV3X2I4cklfVTNBUE5hZTZBVnJPdmt6UkJlWjV1QU9BdkZkd04xbjJaNGRyZG5VclpCd3FmYlh6RGFtZ0pEY2hKc2lTaEhlUUNBTzBRMlo4?oc=5"" target=""_blank"">Albert Ojwang's death in detention: Kenyan activists protest in Nairobi</a>&nbsp;&nbsp;<font color=""#6f6f6f"">BBC</font>","Mon, 09 Jun 2025 15:48:08 GMT",https://news.google.com/rss/articles/CBMiWkFVX3lxTE1Ic3EtYkc5RFl2M2tJcEIwN3JUTm8xVTdQTzdIMFFDS2d6X3V0cC02R3VNTDA2d3ZoS284ZkhwLW1uYVBfcU9KVFN0c2MxLWJ1NTJCamwyU0xyQdIBX0FVX3lxTE04cmZzaTUxZWV3X2I4cklfVTNBUE5hZTZBVnJPdmt6UkJlWjV1QU9BdkZkd04xbjJaNGRyZG5VclpCd3FmYlh6RGFtZ0pEY2hKc2lTaEhlUUNBTzBRMlo4?oc=5,BBC,,,,,,0.3
news,Oklahomans protest immigration raids and deportations - News 9,"<a href=""https://news.google.com/rss/articles/CBMiqAFBVV95cUxNa2MyUE9pcGUwZnBVNU5YaXF3SXhMWnJHeWFkaTZ2c2g4SXFXR25OMURuajF1OGFkaVROTzJyNkcyZk9MM3FEd19ST0lLRHY0bmpyWGRKalZIOTJUQlRIbFFLSlpNLWtBSUh3RUxtTkIwWEozZTJRUVpxNDhadjlnMzFzOXhnY29IZkxobXBfa01JdWZ5TkJTZVBiYnN3Zk9qYUF0RDdjS0s?oc=5"" target=""_blank"">Oklahomans protest immigration raids and deportations</a>&nbsp;&nbsp;<font color=""#6f6f6f"">News 9</font>","Tue, 10 Jun 2025 03:30:10 GMT",https://news.google.com/rss/articles/CBMiqAFBVV95cUxNa2MyUE9pcGUwZnBVNU5YaXF3SXhMWnJHeWFkaTZ2c2g4SXFXR25OMURuajF1OGFkaVROTzJyNkcyZk9MM3FEd19ST0lLRHY0bmpyWGRKalZIOTJUQlRIbFFLSlpNLWtBSUh3RUxtTkIwWEozZTJRUVpxNDhadjlnMzFzOXhnY29IZkxobXBfa01JdWZ5TkJTZVBiYnN3Zk9qYUF0RDdjS0s?oc=5,News 9,,,,,,0.3
news,Crowd gathers at Tampa City Hall to protest ICE raids - WFLA,"<a href=""https://news.google.com/rss/articles/CBMimwFBVV95cUxNNHY2LUsxQUw4WlJsUGhWWnZxeHZRQ2VrWC1zRXhjNkFTbURieXpLYlFHWERXWHZNd1FPYTUyQW9qdERVQ3ozRW1TMWl4VUY4SEVWbTBuanRsLVJ3Mm04eWxCcEJ2LXNGQU1IZkhWdVc5Nk1qME1HTm5OcTBUdGYwV01iM09keU5FdW5pdFp4M185bjBkODFWeTNfNNIBoAFBVV95cUxNMUZzUHpsZFNUVDNRb0lDaEI0RWZWSkVXSXFMTng0Qmc5WERlVlNJZWphUVVUX0ZvYUtOUWJlOXNpaEx3R0UzMi1QcmMzcGFlUUkwRGJicHVZc18zOFRnclREQ1NDckp4d0JhTnNzY0pCMm5RYkJBNTQtNkw3dnFhOE54N3NLR1FwVmZRdDJKR1BHbHZVN0FGb3NjZTkwS0sz?oc=5"" target=""_blank"">Crowd gathers at Tampa City Hall to protest ICE raids</a>&nbsp;&nbsp;<font color=""#6f6f6f"">WFLA</font>","Mon, 09 Jun 2025 14:01:21 GMT",https://news.google.com/rss/articles/CBMimwFBVV95cUxNNHY2LUsxQUw4WlJsUGhWWnZxeHZRQ2VrWC1zRXhjNkFTbURieXpLYlFHWERXWHZNd1FPYTUyQW9qdERVQ3ozRW1TMWl4VUY4SEVWbTBuanRsLVJ3Mm04eWxCcEJ2LXNGQU1IZkhWdVc5Nk1qME1HTm5OcTBUdGYwV01iM09keU5FdW5pdFp4M185bjBkODFWeTNfNNIBoAFBVV95cUxNMUZzUHpsZFNUVDNRb0lDaEI0RWZWSkVXSXFMTng0Qmc5WERlVlNJZWphUVVUX0ZvYUtOUWJlOXNpaEx3R0UzMi1QcmMzcGFlUUkwRGJicHVZc18zOFRnclREQ1NDckp4d0JhTnNzY0pCMm5RYkJBNTQtNkw3dnFhOE54N3NLR1FwVmZRdDJKR1BHbHZVN0FGb3NjZTkwS0sz?oc=5,WFLA,,,,,,0.3
news,San Diegans protest outside Camp Pendleton following federal immigration raids - NBC 7 San Diego,"<a href=""https://news.google.com/rss/articles/CBMimAFBVV95cUxNeDEzYUoyNTdXakJhS1MwNXNPWmx1UmNDc2FTaVdfVXJjSlVZb2J5c3VKZ0M0SldKbkZyb0l6ckswa0tNLW5JQkFwelliZTZySGVBeUNjNkljdXFLa2d6d3pVTV91VjI5NjQ2b2lSalB1ZXNzZjJtaGRiTGlNNDVQYkJrMndtTkVrR2FFNHZ6NDZZM0hMdlU1c9IBoAFBVV95cUxNQlV6cDd6R3BGSVpvT2g0Z29lM1NaUUNuemRodlpNYUY3Rl9wRlk2U053bkZsMlFZdEZPNlNoeFJhd29lbF9aT2xuN19Ob1lvOTBMdTllMHJxY2lKbHZtNW9VTlp4enBuWDJ1dUtLOW1GQk03MFNBemNIcV84bjlkOXlzaFJCYnRvNDRnUWgwTGduT0p4TV9ya1M0dFpvLUho?oc=5"" target=""_blank"">San Diegans protest outside Camp Pendleton following federal immigration raids</a>&nbsp;&nbsp;<font color=""#6f6f6f"">NBC 7 San Diego</font>","Mon, 09 Jun 2025 00:18:36 GMT",https://news.google.com/rss/articles/CBMimAFBVV95cUxNeDEzYUoyNTdXakJhS1MwNXNPWmx1UmNDc2FTaVdfVXJjSlVZb2J5c3VKZ0M0SldKbkZyb0l6ckswa0tNLW5JQkFwelliZTZySGVBeUNjNkljdXFLa2d6d3pVTV91VjI5NjQ2b2lSalB1ZXNzZjJtaGRiTGlNNDVQYkJrMndtTkVrR2FFNHZ6NDZZM0hMdlU1c9IBoAFBVV95cUxNQlV6cDd6R3BGSVpvT2g0Z29lM1NaUUNuemRodlpNYUY3Rl9wRlk2U053bkZsMlFZdEZPNlNoeFJhd29lbF9aT2xuN19Ob1lvOTBMdTllMHJxY2lKbHZtNW9VTlp4enBuWDJ1dUtLOW1GQk03MFNBemNIcV84bjlkOXlzaFJCYnRvNDRnUWgwTGduT0p4TV9ya1M0dFpvLUho?oc=5,NBC 7 San Diego,San Diego,CA,32.8313,-117.1222,San Diego,0.9
news,Downtown L.A. businesses looted overnight; anti-ICE protests expected to continue Monday - KTLA,"<a href=""https://news.google.com/rss/articles/CBMiugFBVV95cUxQSnRZVHlaSi04NEg2Skpvd0trd3EzMTZZSmYzYVZFNE02Nno4QzR6RXk0QnllZkpzX0JXdDlaanZ2WkFtcVZwN21hcXZWVXdEdVctMzRpVjBQdVJpa3Q5RVRqTTR1OXN5YTlnS3A1X1NHc0RHY3dGMnRKMHZaQWhoM250S0stbVZDSGdKS2VmSkp5RTgyV09wbm45eWtFb0tXRzBmSUVvM3g3U0RtalB5UG45QmtwQjd4MEHSAb8BQVVfeXFMT3BrMFd5V3c5SmlNT3VaTGFtT1I1eVp3N0txSmdPUGJPdGNiSDljREp2MElra2pJTzIzQnBMc25vR1EzUm5fUWNXNU5UdGdvMlFHUW5uY3ZYQnNfYmplbzExQW5Kb1hJSmpnVy1DRk9HNjNsVW04ZGltUDFzeEZvUC1VcEhHeEpET1JPY3c1ZzRRaFU3M2hEbHFPWG8zM1FNaHhrVWZ0T1g5WGQyYUg1ektaWjY2QlljRjZYN3BsUlE?oc=5"" target=""_blank"">Downtown L.A. businesses looted overnight; anti-ICE protests expected to continue Monday</a>&nbsp;&nbsp;<font color=""#6f6f6f"">KTLA</font>","Mon, 09 Jun 2025 12:34:09 GMT",https://news.google.com/rss/articles/CBMiugFBVV95cUxQSnRZVHlaSi04NEg2Skpvd0trd3EzMTZZSmYzYVZFNE02Nno4QzR6RXk0QnllZkpzX0JXdDlaanZ2WkFtcVZwN21hcXZWVXdEdVctMzRpVjBQdVJpa3Q5RVRqTTR1OXN5YTlnS3A1X1NHc0RHY3dGMnRKMHZaQWhoM250S0stbVZDSGdKS2VmSkp5RTgyV09wbm45eWtFb0tXRzBmSUVvM3g3U0RtalB5UG45QmtwQjd4MEHSAb8BQVVfeXFMT3BrMFd5V3c5SmlNT3VaTGFtT1I1eVp3N0txSmdPUGJPdGNiSDljREp2MElra2pJTzIzQnBMc25vR1EzUm5fUWNXNU5UdGdvMlFHUW5uY3ZYQnNfYmplbzExQW5Kb1hJSmpnVy1DRk9HNjNsVW04ZGltUDFzeEZvUC1VcEhHeEpET1JPY3c1ZzRRaFU3M2hEbHFPWG8zM1FNaHhrVWZ0T1g5WGQyYUg1ektaWjY2QlljRjZYN3BsUlE?oc=5,KTLA,,,,,,0.3
news,Trump raising cash off Los Angeles protest mayhem with ‘attack on the homeland’ email - The Independent,"<a href=""https://news.google.com/rss/articles/CBMiuwFBVV95cUxNRkVYdERMbFluck5xQWJvcC1qbTBkaTMtX3FhcllacFBObUZSZDB1Vmp2bHlacDNQV2kwSmNDRmdJLXlSQ1FNaU9mRmIxblM4bEs0UWppQ004cjJuQU1mMGhuNjZGcVEwMFBtQnVCMHhJWks5TG1UaUZvTFAwNF9uSnVLMDlaY2VJenhWRGxQS0ZIOHBlaldtUHFlYTlwajZoNEF2a3NpLWtuTzBvdmVaQUt2d0kyREZkaG44?oc=5"" target=""_blank"">Trump raising cash off Los Angeles protest mayhem with ‘attack on the homeland’ email</a>&nbsp;&nbsp;<font color=""#6f6f6f"">The Independent</font>","Mon, 09 Jun 2025 19:17:00 GMT",https://news.google.com/rss/articles/CBMiuwFBVV95cUxNRkVYdERMbFluck5xQWJvcC1qbTBkaTMtX3FhcllacFBObUZSZDB1Vmp2bHlacDNQV2kwSmNDRmdJLXlSQ1FNaU9mRmIxblM4bEs0UWppQ004cjJuQU1mMGhuNjZGcVEwMFBtQnVCMHhJWks5TG1UaUZvTFAwNF9uSnVLMDlaY2VJenhWRGxQS0ZIOHBlaldtUHFlYTlwajZoNEF2a3NpLWtuTzBvdmVaQUt2d0kyREZkaG44?oc=5,The Independent,Los Angeles,CA,34.1141,-118.4068,Los Angeles,0.9
news,"Weekend-long immigration protests in LA. And, who won a Tony Award - NPR","<a href=""https://news.google.com/rss/articles/CBMiswFBVV95cUxNTGNzSDQ1LUJ3NDBmWUJzd3ppS0JxOU5XM2g5MHczVnhSUmQ0cGpxSGRiT2FLalpaZ09VVTh0T2JYSFBYMUhMQnV4bktuZzVWcTJuMXY4VG9xUzE4S09EWVFuV3ZnbGNvUzZsUldJbTVSQ3NxVXF2OXVlM0dFVWFsS0hDaGJWZjJKbTNlbEROZlc0TGVVZjJCR2pEZnZpUURQYzF4eDllZ08zZk5ORHEwMVFjWQ?oc=5"" target=""_blank"">Weekend-long immigration protests in LA. And, who won a Tony Award</a>&nbsp;&nbsp;<font color=""#6f6f6f"">NPR</font>","Mon, 09 Jun 2025 11:13:02 GMT",https://news.google.com/rss/articles/CBMiswFBVV95cUxNTGNzSDQ1LUJ3NDBmWUJzd3ppS0JxOU5XM2g5MHczVnhSUmQ0cGpxSGRiT2FLalpaZ09VVTh0T2JYSFBYMUhMQnV4bktuZzVWcTJuMXY4VG9xUzE4S09EWVFuV3ZnbGNvUzZsUldJbTVSQ3NxVXF2OXVlM0dFVWFsS0hDaGJWZjJKbTNlbEROZlc0TGVVZjJCR2pEZnZpUURQYzF4eDllZ08zZk5ORHEwMVFjWQ?oc=5,NPR,,,,,,0.3
news,"Gas station looted, car set on fire in anti-ICE protests - NBC News","<a href=""https://news.google.com/rss/articles/CBMinwFBVV95cUxPME1OTnYyNzFEVGQ4eDAwMVRlQ1dtSGFxblY2cXNqcFZ0M1VSTTN5MXhFRGphUjlqYkhsMmFSdG1MM042Tjh1UEl2VmhNNGN0QmRPeEI3bXlqYk8xY2VoQ01na0NQSW9nUGRzRnZtWG40VjBMazR3Z1BGc3hoZWdob2tDOGw3ckxXbEE5aEZNSzY2bVBMSUQwQ0NlTHpYUmfSAWZBVV95cUxPbVkxZWJ2Y1NOaUIwekFZUVQ0ZkswVjNmSVpBRzhXcmZmZWxVLVh5VlZhZWd1OGJUb1E3X3h1WUJIQkFMQkFyYXhlbUZkZkJmM1NXdXZ5VV9uVmRUQ0xCUkVmQ2NQS0E?oc=5"" target=""_blank"">Gas station looted, car set on fire in anti-ICE protests</a>&nbsp;&nbsp;<font color=""#6f6f6f"">NBC News</font>","Sun, 08 Jun 2025 21:33:45 GMT",https://news.google.com/rss/articles/CBMinwFBVV95cUxPME1OTnYyNzFEVGQ4eDAwMVRlQ1dtSGFxblY2cXNqcFZ0M1VSTTN5MXhFRGphUjlqYkhsMmFSdG1MM042Tjh1UEl2VmhNNGN0QmRPeEI3bXlqYk8xY2VoQ01na0NQSW9nUGRzRnZtWG40VjBMazR3Z1BGc3hoZWdob2tDOGw3ckxXbEE5aEZNSzY2bVBMSUQwQ0NlTHpYUmfSAWZBVV95cUxPbVkxZWJ2Y1NOaUIwekFZUVQ0ZkswVjNmSVpBRzhXcmZmZWxVLVh5VlZhZWd1OGJUb1E3X3h1WUJIQkFMQkFyYXhlbUZkZkJmM1NXdXZ5VV9uVmRUQ0xCUkVmQ2NQS0E?oc=5,NBC News,,,,,,0.3
news,US Marines to deploy to Los Angeles to help quell anti-ICE riots - Fox News,"<a href=""https://news.google.com/rss/articles/CBMikgFBVV95cUxNLWItczZEeE5qSl81cUJxSFhISG5kdG5VV0I0VTJ5ZmI0Ny1lazJ1bEhyanpHdFRoemVWRUpiOFphT18zQ05ORkxSVUNWTEYzc1dtaUtMaHhpU1ZMT0NMem1QbHlxZHpGT1hpWEJWVGdodUlHWHZRQjJBaTQ1T0U1RjVfelZGUXliMVV2TUpPcUhId9IBlwFBVV95cUxOUXpFa2FSRmdkZHV4dzZQbWE4NEM1T0dTTlM5dFAtakNlU05mRkF4NzZYaFhrdjRvTkFwNHM4QzVfSzUwNml4T0RGVmg3Y3B5YzVLZ2J2ZWRUVWtNaS00MV9zaW9jQ0RWalEtVjFQSTNVVmhweTBybXdGUUJ1cGZ1QWN0S0JiQi1MLTR3VURTOGgyRjFvSHlj?oc=5"" target=""_blank"">US Marines to deploy to Los Angeles to help quell anti-ICE riots</a>&nbsp;&nbsp;<font color=""#6f6f6f"">Fox News</font>","Mon, 09 Jun 2025 19:41:17 GMT",https://news.google.com/rss/articles/CBMikgFBVV95cUxNLWItczZEeE5qSl81cUJxSFhISG5kdG5VV0I0VTJ5ZmI0Ny1lazJ1bEhyanpHdFRoemVWRUpiOFphT18zQ05ORkxSVUNWTEYzc1dtaUtMaHhpU1ZMT0NMem1QbHlxZHpGT1hpWEJWVGdodUlHWHZRQjJBaTQ1T0U1RjVfelZGUXliMVV2TUpPcUhId9IBlwFBVV95cUxOUXpFa2FSRmdkZHV4dzZQbWE4NEM1T0dTTlM5dFAtakNlU05mRkF4NzZYaFhrdjRvTkFwNHM4QzVfSzUwNml4T0RGVmg3Y3B5YzVLZ2J2ZWRUVWtNaS00MV9zaW9jQ0RWalEtVjFQSTNVVmhweTBybXdGUUJ1cGZ1QWN0S0JiQi1MLTR3VURTOGgyRjFvSHlj?oc=5,Fox News,Los Angeles,CA,34.1141,-118.4068,Los Angeles,0.9
news,"LAPD takes down protester on stilts, drags him away at an anti-ICE riot - New York Post","<a href=""https://news.google.com/rss/articles/CBMirgFBVV95cUxOR0dDWW9ZUFJSUkxyQVNiZjFIU2tzUnc2bDQ3emxURVJQVGtyc3R2bnNRQkxlbUNsaHQ0THVPMV94ZF9iZHE2RHl2c0dWOTl6cTktcERUMDEtb1A4Z3VlRE8zZ2c1ZkNpWFRycnY0UDVtSHdiOG9HckM0WnNjRWhzSW04QlNIclpYYXM4UmxINHphQi1aU3dXenRGblhBZDlURmFWOXY4ZlpSUXBacXc?oc=5"" target=""_blank"">LAPD takes down protester on stilts, drags him away at an anti-ICE riot</a>&nbsp;&nbsp;<font color=""#6f6f6f"">New York Post</font>","Mon, 09 Jun 2025 15:27:00 GMT",https://news.google.com/rss/articles/CBMirgFBVV95cUxOR0dDWW9ZUFJSUkxyQVNiZjFIU2tzUnc2bDQ3emxURVJQVGtyc3R2bnNRQkxlbUNsaHQ0THVPMV94ZF9iZHE2RHl2c0dWOTl6cTktcERUMDEtb1A4Z3VlRE8zZ2c1ZkNpWFRycnY0UDVtSHdiOG9HckM0WnNjRWhzSW04QlNIclpYYXM4UmxINHphQi1aU3dXenRGblhBZDlURmFWOXY4ZlpSUXBacXc?oc=5,New York Post,New York,NY,40.6943,-73.9249,Queens,0.9
news,Tens of thousands join anti-government protest in Madrid - France 24,"<a href=""https://news.google.com/rss/articles/CBMipgFBVV95cUxQczBjeVowbmdoU1VMX0VVLTJNZUxfemhBcnZCZUI1eUhWa3JUQnlLYzJWWWw5c2c0bW00UEh0cWRmbzlpaHowUkhpV0NaV1N4TEozZDlSeDUyU25KSk9uSkdhbTZjbnFLMkJycEd6eklxSG9kVGxCME1kR1FVWldPX281RHFTVWhOTjYwd0J3UGh1MGtqdnBsTThlM3pvd0hXSnoyUEFR?oc=5"" target=""_blank"">Tens of thousands join anti-government protest in Madrid</a>&nbsp;&nbsp;<font color=""#6f6f6f"">France 24</font>","Sun, 08 Jun 2025 13:01:14 GMT",https://news.google.com/rss/articles/CBMipgFBVV95cUxQczBjeVowbmdoU1VMX0VVLTJNZUxfemhBcnZCZUI1eUhWa3JUQnlLYzJWWWw5c2c0bW00UEh0cWRmbzlpaHowUkhpV0NaV1N4TEozZDlSeDUyU25KSk9uSkdhbTZjbnFLMkJycEd6eklxSG9kVGxCME1kR1FVWldPX281RHFTVWhOTjYwd0J3UGh1MGtqdnBsTThlM3pvd0hXSnoyUEFR?oc=5,France 24,Madrid,IA,41.8757,-93.8205,Boone,0.9
news,"Sorry, That’s Not Wyatt Russell in the Viral L.A. Protest Video - Rolling Stone","<a href=""https://news.google.com/rss/articles/CBMioAFBVV95cUxNdUtQNTIzVDVRVW5sdW9nRnpVejlvbExiNG4wY0twT2t1eEpwSjd1bWRhTGVQU3paanBRSjhpLURPMjNEbkVPWlhLNHR2VDdWTlZ6V0J1dndaSjgxR0hlTVloQXdPSUxta09sTmZ3WVBBZGVoY0E3UENLZ1hXWlpnNWdDSTYzT0lmMjVNcWJFZWlDM054eERET0doZ205UW1a?oc=5"" target=""_blank"">Sorry, That’s Not Wyatt Russell in the Viral L.A. Protest Video</a>&nbsp;&nbsp;<font color=""#6f6f6f"">Rolling Stone</font>","Mon, 09 Jun 2025 18:59:54 GMT",https://news.google.com/rss/articles/CBMioAFBVV95cUxNdUtQNTIzVDVRVW5sdW9nRnpVejlvbExiNG4wY0twT2t1eEpwSjd1bWRhTGVQU3paanBRSjhpLURPMjNEbkVPWlhLNHR2VDdWTlZ6V0J1dndaSjgxR0hlTVloQXdPSUxta09sTmZ3WVBBZGVoY0E3UENLZ1hXWlpnNWdDSTYzT0lmMjVNcWJFZWlDM054eERET0doZ205UW1a?oc=5,Rolling Stone,,,,,,0.3
news,California plans to file lawsuit against Trump over National Guard deployment - PBS,"<a href=""https://news.google.com/rss/articles/CBMiqwFBVV95cUxPSTE3NDhCLVE0Y1A2YTVUSEJacnhFR1gwUk5VR3hzU3BpbFhMRzlyeHJ3QjhxOEh1RkxGR181bENXbkIzMmhoa1hMMDd2RHN5OUtnc1B3LXNxT3JVMndkbU4zbUNyR2JyaFppX1JfVElzdFpVcUxqcUhOYkg5anpMVk5Hem4wN1VIQmM2aHp5S1E1QUpEdjVxZ0w0TXFZSFlfZWRMd3dJX3JpSUXSAbABQVVfeXFMTUd6cUZSMy1uU2ZKc3JzbDFrTFlaYTk3TV9Zc1BlVmU3WHJ0dkNpWVh3MFJYeUt5WjNOeHNmSWJxRlhnVGczQlFKbFRGZGpCMGUtM3FlQkIyT1lLa0NXNDR3UEFtSWRXOHJ5TE9PbVYyR2pKVHNZZk1yNHdsSmxCSDJlMEsxb2t3REk1ZHFneUVsVGVxOGd5LU5Oa1pVeldWYzhwWTdLUlpPTEJpV0pxS20?oc=5"" target=""_blank"">California plans to file lawsuit against Trump over National Guard deployment</a>&nbsp;&nbsp;<font color=""#6f6f6f"">PBS</font>","Mon, 09 Jun 2025 15:14:13 GMT",https://news.google.com/rss/articles/CBMiqwFBVV95cUxPSTE3NDhCLVE0Y1A2YTVUSEJacnhFR1gwUk5VR3hzU3BpbFhMRzlyeHJ3QjhxOEh1RkxGR181bENXbkIzMmhoa1hMMDd2RHN5OUtnc1B3LXNxT3JVMndkbU4zbUNyR2JyaFppX1JfVElzdFpVcUxqcUhOYkg5anpMVk5Hem4wN1VIQmM2aHp5S1E1QUpEdjVxZ0w0TXFZSFlfZWRMd3dJX3JpSUXSAbABQVVfeXFMTUd6cUZSMy1uU2ZKc3JzbDFrTFlaYTk3TV9Zc1BlVmU3WHJ0dkNpWVh3MFJYeUt5WjNOeHNmSWJxRlhnVGczQlFKbFRGZGpCMGUtM3FlQkIyT1lLa0NXNDR3UEFtSWRXOHJ5TE9PbVYyR2pKVHNZZk1yNHdsSmxCSDJlMEsxb2t3REk1ZHFneUVsVGVxOGd5LU5Oa1pVeldWYzhwWTdLUlpPTEJpV0pxS20?oc=5,PBS,,,,,,0.3
news,Retired Lansing firefighters protest healthcare cost spike - WLNS 6 News,"<a href=""https://news.google.com/rss/articles/CBMijgFBVV95cUxOZGx4OWFMMWdBb3pqLWFYYWxuUDZoMThNVF9PQ19WSm12bGR1VHcyOXRSRk1CMmRqbnR6cVVEVkp2c2hlelltbmdiMTdCWmhWbDRjN0FzMW1kWUFTZUlrajMwMV9KSGdOUmFWVkUtVWlnZ0doeV9sRnhTSzZfdUhoMV9WUldMYmd1WVRLbVl30gGTAUFVX3lxTE4yMnRSaGdaVDlFZUhJV0dsWURLWElpR3ZSZXNFNFVXUUJEd3d4d0xTMzRGVmxrckxRSWRGRWN5c19Wb0o1U3BCNmlJenhTQjB4WG1HaGliak5GcTRwbUpxeXBhSExVRmhoLUNNemVERDJmQkNFRkt0Q0h4ZXFvRkxYc0hYenVCeVRvdGt4Q01lc1RLTQ?oc=5"" target=""_blank"">Retired Lansing firefighters protest healthcare cost spike</a>&nbsp;&nbsp;<font color=""#6f6f6f"">WLNS 6 News</font>","Tue, 10 Jun 2025 03:28:14 GMT",https://news.google.com/rss/articles/CBMijgFBVV95cUxOZGx4OWFMMWdBb3pqLWFYYWxuUDZoMThNVF9PQ19WSm12bGR1VHcyOXRSRk1CMmRqbnR6cVVEVkp2c2hlelltbmdiMTdCWmhWbDRjN0FzMW1kWUFTZUlrajMwMV9KSGdOUmFWVkUtVWlnZ0doeV9sRnhTSzZfdUhoMV9WUldMYmd1WVRLbVl30gGTAUFVX3lxTE4yMnRSaGdaVDlFZUhJV0dsWURLWElpR3ZSZXNFNFVXUUJEd3d4d0xTMzRGVmxrckxRSWRGRWN5c19Wb0o1U3BCNmlJenhTQjB4WG1HaGliak5GcTRwbUpxeXBhSExVRmhoLUNNemVERDJmQkNFRkt0Q0h4ZXFvRkxYc0hYenVCeVRvdGt4Q01lc1RLTQ?oc=5,WLNS 6 News,Lansing,MI,42.7142,-84.5601,Ingham,0.9
news,California union leader’s arrest at immigration protest sparks outcry - The Washington Post,"<a href=""https://news.google.com/rss/articles/CBMirgFBVV95cUxQbjBYR2xENU13VEVqRXFkbEdUMl9ETVVzTVROb2xFeTFlcm5GbEkxU0tGbE9iNXl0MjZRam1zVmpUVFlYN0NnR0RiSG9rY2J6NFlnYUpTMHVtZDJrTHVVNjQzTFdiYU5iS3BXZFkwaW0yTy1za2VuWV9UUkZmbkZNY05ZS3ZEbDlnSEJERnFPT3pHQWdISFp5RVItaXZBMGhmOVhoN2tpeDNsdlFlamc?oc=5"" target=""_blank"">California union leader’s arrest at immigration protest sparks outcry</a>&nbsp;&nbsp;<font color=""#6f6f6f"">The Washington Post</font>","Tue, 10 Jun 2025 03:13:05 GMT",https://news.google.com/rss/articles/CBMirgFBVV95cUxQbjBYR2xENU13VEVqRXFkbEdUMl9ETVVzTVROb2xFeTFlcm5GbEkxU0tGbE9iNXl0MjZRam1zVmpUVFlYN0NnR0RiSG9rY2J6NFlnYUpTMHVtZDJrTHVVNjQzTFdiYU5iS3BXZFkwaW0yTy1za2VuWV9UUkZmbkZNY05ZS3ZEbDlnSEJERnFPT3pHQWdISFp5RVItaXZBMGhmOVhoN2tpeDNsdlFlamc?oc=5,The Washington Post,California,MD,38.2969,-76.4949,St. Mary's,0.9
