platform,text,author,date,url,source_subreddit,city,state,lat,lon,county,confidence
reddit,Labor unions around US demand release of union leader arrested in LA protest ,vinr001122,2025-06-09 19:51:11,https://www.theguardian.com/us-news/2025/jun/09/la-protests-david-huerta-ice-raid,news,,,,,,0.3
reddit,FBI adds LA protester to its â€˜Most Wantedâ€™ list for damaging government vehicles ,ChiGuy6124,2025-06-09 16:50:05,https://www.the-independent.com/news/world/americas/crime/fbi-la-protester-most-wanted-list-b2766571.html,news,,,,,,0.3
reddit,"Thousands of veterans rally at National Mall to protest federal layoffs, cuts to services ",apple_kicks,2025-06-09 14:27:52,https://www.stripes.com/veterans/2025-06-06/veterans-rally-national-mall-18036672.html,news,,,,,,0.3
reddit,British photojournalist hit by non lethal rounds during Los Angeles protests ,BigDaddyBain,2025-06-08 17:27:23,https://www.theguardian.com/us-news/2025/jun/08/la-protests-photographer-hit-by-non-lethal-rounds,news,Los Angeles,CA,34.1141,-118.4068,Los Angeles,0.9
reddit,Protests erupt over immigration raids in Los Angeles ,apple_kicks,2025-06-07 19:50:21,https://abcnews.go.com/US/protests-erupt-immigration-raids-los-angeles/story?id=122604723,news,Los Angeles,CA,34.1141,-118.4068,Los Angeles,0.9
reddit,"3 teens dead after apparent police chase and crash in Limerick Township, Pennsylvania ",whatareyousomekinda,2025-06-07 00:35:56,https://www.cbsnews.com/philadelphia/news/limerick-township-crash-police-chase-montgomery-county/,news,,,,,,0.3
reddit,Ex-police chief and convicted killer who escaped from Arkansas jail captured ,Somebody_81,2025-06-06 22:29:11,https://apnews.com/article/arkansas-prison-escape-devil-ozarks-grant-hardin-44d5a0f6868f84651902aec05caa45e7,news,,,,,,0.3
reddit,University of Michigan using undercover investigators to surveil student Gaza protesters ,BigDaddyBain,2025-06-06 11:53:38,https://www.theguardian.com/us-news/2025/jun/06/michigan-university-gaza-surveillance,news,University,FL,28.0771,-82.4335,Hillsborough,0.9
reddit,Worcester city councilor charged with assaulting police during ICE operation ,OkEscape7558,2025-06-05 02:08:15,https://www.cbsnews.com/boston/news/worcester-city-councilor-etel-haxhiaj-charged-assault-police-ice/,news,Worcester,MA,42.2705,-71.8079,Worcester,0.9
reddit,"LA Protests Monday: Trump and Newsom clash, Marines and National Guard deployed ",FlyingScript,2025-06-10 03:40:17,https://www.reuters.com/world/us/la-protests-live-downtown-la-declared-unlawful-assembly-area-after-third-day-2025-06-09/,politics,,,,,,0.3
reddit,Trump Says Gavin Newsom Should be Arrested Over LA Rioting ,Kodbek,2025-06-10 03:18:04,https://www.thedailybeast.com/trump-says-gavin-newsom-should-be-arrested-over-la-rioting/,politics,,,,,,0.3
reddit,LA protests inch Elon Musk back to President Trump ,bambin0,2025-06-10 03:13:12,https://www.cnn.com/2025/06/09/media/elon-musk-donald-trump-la-protests,politics,,,,,,0.3
reddit,"Hundreds in Dallas protest ICE, the Trump administration in response to L.A. unrest ",Capital-Delivery8001,2025-06-10 03:07:29,https://www.keranews.org/news/2025-06-09/dallas-solidarity-los-angeles-rally-ice-trump-protest,politics,Dallas,TX,32.7935,-96.7667,Dallas,0.9
reddit,LA Riots: How Mexican Flag Photos Are a Gift to Donald Trump ,redditor01020,2025-06-10 02:17:40,https://www.newsweek.com/la-protests-mexican-flags-donald-trump-ice-2083140,politics,,,,,,0.3
reddit,Post photographer shot in the head with rubber bullet in LA anti-ICE riots â€” and he caught the terrifying moment on camera ,mysecondaccountanon,2025-06-10 01:14:12,https://nypost.com/2025/06/09/us-news/post-photographer-shot-with-rubber-bullet-in-la-riots/,politics,,,,,,0.3
reddit,Pentagon draws up rules on possible use of force by Marines deployed to LA protests ,ResignedFate,2025-06-10 00:42:06,https://apnews.com/article/marines-protests-california-deployed-trump-503e1de25b45c760218d8ae879c8d2d3,politics,,,,,,0.3
reddit,Trump supports Tom Homan arresting Newsom over California protests ,Kodbek,2025-06-10 00:29:01,https://thehill.com/homenews/administration/5340464-trump-arrest-gavin-newsom/,politics,California,MD,38.2969,-76.4949,St. Mary's,0.9
reddit,The Dangerous Truth About the â€˜Nonlethalâ€™ Weapons Used Against LA Protesters ,wiredmagazine,2025-06-09 23:11:36,https://www.wired.com/story/non-lethal-weapons-la-protests/,politics,,,,,,0.3
reddit,Trump Insists He 'Can't Call in the National Guard Unless Requested' in Resurfaced Clip After Deploying Troops for LA Protests ,PostHeraldTimes,2025-06-09 22:13:26,https://www.latintimes.com/trump-insists-he-cant-call-national-guard-unless-requested-resurfaced-clip-after-deploying-584664,politics,,,,,,0.3
reddit,Trump Deploys Hundreds of Marines to LA in Growing Military Response to Immigration Raid Protests ,dheber,2025-06-09 21:52:51,https://www.military.com/daily-news/2025/06/09/trump-deploys-hundreds-of-marines-la-growing-military-response-immigration-raid-protests.html,politics,,,,,,0.3
reddit,San Francisco police arrest more anti-ICE protesters than Los Angeles ,sideAccount42,2025-06-09 21:40:26,https://www.sfgate.com/bayarea/article/sf-police-arrest-more-anti-ice-protesters-than-la-20368528.php,politics,San Francisco,CA,37.7558,-122.4449,San Francisco,0.9
reddit,700 Marines on high alert to deploy to Los Angeles amid ICE protests ,adamma12345,2025-06-09 21:29:23,https://www.cbsnews.com/news/marines-high-alert-deploy-los-angeles-ice-protests/,politics,Los Angeles,CA,34.1141,-118.4068,Los Angeles,0.9
reddit,Pentagon Sending 700 Marines to Counter Los Angeles Protests ,BearHugBull,2025-06-09 21:08:45,https://www.bloomberg.com/news/articles/2025-06-09/pentagon-mobilizing-500-marines-to-help-quell-los-angeles-riots,politics,,,,,,0.3
reddit,Kristi Noem Once Called Federal Use of National Guard as 'Attack on States' Rights'. Now She Supports Trump's Use in LA Protests ,PostHeraldTimes,2025-06-09 21:05:44,https://www.latintimes.com/kristi-noem-once-called-federal-use-national-guard-attack-states-rights-now-she-supports-584640,politics,,,,,,0.3
reddit,700 Marines will deploy to Los Angeles after Hegseth warned California to control riots ,mmccxi,2025-06-09 21:04:14,https://nypost.com/2025/06/09/us-news/700-marines-will-deploy-to-los-angeles-after-hegseth-warned-california-to-control-riots/,politics,Los Angeles,CA,34.1141,-118.4068,Los Angeles,0.9
reddit,Trump Orders in Marines in Dramatic Escalation of L.A. Protests ,External-Noise-4832,2025-06-09 20:44:11,https://www.thedailybeast.com/trump-orders-in-marines-in-dramatic-escalation-of-la-protests/,politics,,,,,,0.3
reddit,"1,800+ 'No Kings' Rallies Planned Across US as Trump Deploys Military to Crush Protests ",Inner-Document6647,2025-06-09 20:23:50,https://www.commondreams.org/news/no-kings-trump-national-guard-los-angeles,politics,,,,,,0.3
reddit,500 Marines are to be deployed at the Los Angeles protests ,Mother_Rule1952,2025-06-09 20:16:58,https://www.wsj.com/politics/national-security/marines-are-deploying-to-los-angeles-area-fe9a4ed6?gaa_at=eafs&gaa_n=ASWzDAjJv01ZTsi_1MviAxRWho3FLR5DYjOsTFSp7mJW-FQtONSrhhMiME0r&gaa_ts=6847448b&gaa_sig=6Ip58-UCp_muT4B7lzClXQlHxzuKd3B3OzyywpAdQkL-ijnGdBRygkPpJtY0ccgKqWdw4YqJsTusSMnp755gog%3D%3D,politics,Los Angeles,CA,34.1141,-118.4068,Los Angeles,0.9
reddit,Trump admin may send more military to LA amid ICE protestsâ€”Prosecutor ,doopityWoop22,2025-06-09 20:11:43,https://www.newsweek.com/trump-admin-may-send-more-military-la-amid-ice-protests-prosecutor-2083058,politics,,,,,,0.3
reddit,Eric Adams condemns â€˜unacceptableâ€™ LA anti-ICE riots â€“ warns similar protests in NYC â€˜would not be toleratedâ€™ ,someone_whoisthat,2025-06-10 02:36:05,https://nypost.com/2025/06/09/us-news/eric-adams-condemns-la-anti-ice-riots-and-warns-new-yorkers-similar-protests-would-not-be-tolerated-if-attempted-in-nyc/,nyc,New York,NY,40.6943,-73.9249,Queens,0.7
reddit,"Man on moped robs 5-year-old in the Bronx, police say ",Delicious_Adeptness9,2025-06-09 23:49:57,https://gothamist.com/news/man-on-moped-robs-5-year-old-in-the-bronx-police-say,nyc,Man,WV,37.7522,-81.8923,Logan,0.9
reddit,Protest in Union Sq. Union Sq. 4:30p.m.,TheManO327,2025-06-08 20:42:35,https://v.redd.it/pmveiw5plr5f1,nyc,New York,NY,40.6943,-73.9249,Queens,0.7
reddit,NYPD ANNOUNCES RECORD LOW SHOOTINGS AND MURDERS FOR THE FIRST FIVE MONTHS OF 2025 ,GBV_GBV_GBV,2025-06-05 16:35:47,https://www.nyc.gov/site/nypd/news/pr010/nypd-record-low-shootings-murders-the-first-five-months-2025,nyc,New York,NY,40.6943,-73.9249,Queens,0.7
reddit,"Trump has no right to deploy Oregon National Guard against protesters in Portland, Kotek insists ",oregonian,2025-06-10 01:11:11,https://www.oregonlive.com/politics/2025/06/trump-has-no-right-to-deploy-oregon-national-guard-against-protesters-in-portland-kotek-insists.html?utm_medium=social&utm_source=redditsocial&utm_campaign=redditor,Portland,Portland,OR,45.5371,-122.65,Multnomah,0.9
reddit,"feeling discouraged and angry about how I was treated yesterday Yesterday was my 6th year volunteering for the Grand Floral Parade as a barrier guide or whatever they're called- we stand at the street closures, helping traffic, welcoming people, watching out for unsocial behavior,  etc. this year it returned downtown after a couple year hiatus on the East side.

The streets are closed the block before the parade for very obvious reasons: safety.  I was there to offer re-routing advice to the cars, of which there was a really simple re-route that only caused an extra few minutes of driving.

Car drivers were so incredibly mean to me. I had to tell several men to stop screaming at me or else I wouldn't help them (they were asking for directions), one guy  thanked me for ""ruining Portland"" by having the street closed to car traffic. This one incredibly trashy woman with three little kids drove the wrong way on two separate streets and after I tried to stop her, she parked her car, got out and came over and screamed in my face about how I was ""breaking the law"". Luckily a police office was right there and went and had a word with her ;)  \[by the way, it isn't like I picked the route or closed the road off, I am just a simple volunteer helping to keep little kids not get ran over by cars\]

all the pedestrians, i.e. people walking to/from the parade, were soooo nice and so many thanked me for being there. that made it worth it, so thank you if you thanked a volunteer. Even some of the homeless people that walked by were really nice, saying good morning and smiling at me as they went about their business. 

but last night, I could not sleep just thinking about all the people screaming at me. I kept thinking about the guy who is in prison because he drove through the parade 3 years ago (very close to where I was stationed)  because he was so mad about the road closures. it is a literal miracle he didn't hit and/or kill someone.

idk, I've lived here my whole 43 years, I love this city, I volunteer at events all the time, giving up much of my free weekends every year because I love this city and then to get treated like this was such a blow. I feel defeated. and I was at a spot where I didn't even get to watch the parade (which is fine,  just really love the parade, it is so cute and wholesome & some years I am at a spot where I can watch it) I kind of want to cry even writing this.",OtherwiseGanache6998,2025-06-08 17:21:18,https://www.reddit.com/r/Portland/comments/1l6hjr2/feeling_discouraged_and_angry_about_how_i_was/,Portland,Portland,OR,45.5371,-122.65,Multnomah,0.9
reddit,"Missed Connection - IBEW48 Rosie ***UPDATED***
You were marching in the Grand Floral Parade with the IBEW Rosie the Riveter Group. I was sitting at 4th and Yamhill and pretended to faint when you walked by. You laughed and I almost passed out for real. I donâ€™t know if youâ€™re gay but I am and Iâ€™m shooting my shot in case you like coffee and short they-thems. 

UPDATE: Surprised this got traction but I appreciate the love! Rosie has been located and DM'd - she's happily partnered but I'm glad I got to solve this little mystery. Wishing Rosie and her partner a very happy pride, thanks for making my month <3",Pocket-Sprite0928,2025-06-07 22:58:32,https://www.reddit.com/r/Portland/comments/1l5xlxb/missed_connection_ibew48_rosie/,Portland,Portland,OR,45.5371,-122.65,Multnomah,0.7
reddit,Man injured in shooting involving Multnomah County deputy in Northeast Portland ,ladyofatreides,2025-06-07 02:45:04,https://katu.com/news/local/man-injured-in-shooting-involving-multnomah-county-deputy-in-northeast-portland,Portland,Man,WV,37.7522,-81.8923,Logan,0.9
reddit,"Have dash video of car running red Someone ran a red right in front of me today and I clearly caught it (and their plates) on my dash cam. Iâ€™m feeling extra petty and short with this shit right now and want to report them somehow. 

Is it even worth my time? Even if I provided clear video evidence of something like this to the police, would it result in anything happening?

Edit: wow Iâ€™m surprised by the degree of indifference to this sort of thing. Letâ€™s be clear, Iâ€™m by NO means a stickler for adhering to authority, law, etcâ€¦.having said that, Iâ€™ve watched 5 people run reds in the last like 30 days and itâ€™s straight up sketch as fuck. To me thereâ€™s a serious distinction with this sort of thing when it poses a huge and legit danger to society. Everyone should care about this type of bullshit and stand up against it. 

So to be clear, I was joking when I said I was being petty. I donâ€™t think this is petty at all and I think itâ€™s totally justified and imperative to society to take the time (out of an actually crazy busy day) to try and do something about this. ",mightyduck19,2025-06-07 01:42:08,https://www.reddit.com/r/Portland/comments/1l59bhb/have_dash_video_of_car_running_red/,Portland,Portland,OR,45.5371,-122.65,Multnomah,0.7
reddit,"huge police presence on w burnside and nw 16th ave they pulled over a bus, pulled out their guns, walked up to the bus, then everybody including cops immediately left all within 2 minutes",psychedonpsych,2025-06-06 05:25:34,https://v.redd.it/oszhgmdls85f1,Portland,Portland,OR,45.5371,-122.65,Multnomah,0.7
reddit,"Cyber Protest Truck And then this happened. ðŸ˜‚ (Sunday June 8th, 2025 on the corner of 1st and Los Angeles Streets)",HotWeatherHater,2025-06-09 23:29:09,https://v.redd.it/7l0me0mlkz5f1,LosAngeles,Los Angeles,CA,34.1141,-118.4068,Los Angeles,0.9
reddit,Law Enforcement Open Fire Unprovoked on Protesters I am from LA and I want everyone to see to see what is actually going down on the ground right now. Please ,AFlowerwithInk,2025-06-10 01:02:56,https://v.redd.it/yamo5fqvzz5f1,LosAngeles,Los Angeles,CA,34.1141,-118.4068,Los Angeles,0.7
reddit,"Foreign agents and bots are probably adding fuel to the LA protest fire. Be very careful with what you read/watch/listen to on social media because Russian and Chinese bots are working overtime to sway public opinions and create chaos during the LA protest. -- According to some experts. 

Any call to violence and extremism could very well be orchestrated by foreign agents/bots. 

Personally, I think Putin has ""something"" on Trump, making him do things that worsen the situation in general. But to respond with violence and extremism will only play into their hands. ",PitifulEar3303,2025-06-10 02:22:58,https://i.redd.it/9q8xsyqxe06f1.jpeg,LosAngeles,Los Angeles,CA,34.1141,-118.4068,Los Angeles,0.7
reddit,"Attacked by Fellow Protesters for carrying the American Flag My partner and I were part of the protests yesterday evening/last night in DTLA. I've been involved with political activism for awhile now but this was the first time he was able to attend a protest with me. I made a sign for myself and he brought the American Flag draped over his back. There were others with American flags as well. We were located in the area of downtown where the Australian reporter was shot right at the line of cops there on the street. We were yelling and chanting at the cops alongside everyone else and everything was OK until some guy came up to my partner and starting arguing with him about bringing the American flag. My partner tried to explain to him why he felt the need to bring it stating we need to reclaim our flag. We need to change the narrative, all of us are the true Americans... A mix of natives and immigrants proudly standing as the backbone to this country. This is the what this country used to stand for to the rest of the world. The other guy stated he wanted to burn the flag and my partner told him that is what they want to see, we can't do that. That's the shit MAGA wants. 

The guy left and everything went back to normal for a little bit. Then, unprovoked, the guy came back trying to wrestle the flag from my partner to light it on fire. Us three ended up in a scuffle and eventually other protesters managed to rip the guy away. Thankfully the majority of fellow protesters were kind and asked us what happened but there were a few others who still came up to him afterwards spouting the same rhetoric. Chastising my partner and wanting to take the flag away to burn it. 

Burning the flag will ***NOT*** help our cause. Attacking fellow protesters when we have a common enemy right in front of us will ***NOT*** help anyone.

My sentiments are the same as both of these fantastic posts:

[https://www.reddit.com/r/LosAngeles/s/4qFmZCdnSr](https://www.reddit.com/r/LosAngeles/s/4qFmZCdnSr)

[https://www.reddit.com/r/50501/s/TnWn9kqnDg](https://www.reddit.com/r/50501/s/TnWn9kqnDg)

The American Flag needs to be reclaimed by us. It should not a symbol of hate. It is a flag for all natives and immigrants here working to make this country better for everyone and not the select few. 

We wave them all. American. Californian. Mexican. We wave them all proudly. Together. ",PudgyPudgePudge,2025-06-10 01:53:45,https://www.reddit.com/r/LosAngeles/comments/1l7mvxr/attacked_by_fellow_protesters_for_carrying_the/,LosAngeles,Los Angeles,CA,34.1141,-118.4068,Los Angeles,0.7
reddit,"LA protestors should call for California to confer State Citizenship to long-term residents as deportation protection Hey Reddit,

It has been incredibly scary and frustrating to see the constant news about harsh federal immigration actions â€“ jailing long-term residents in El Salvador without trial, cancelling student visas for expressing their opinions, deporting green card holders for minor offenses, picking up hardworking workers from Home Depot. It almost feels like states that want to protect their residents are often powerless to do so.

I understand that people are unhappy about this. However, ""Fuck ICE"" isn't an effective slogan. That's not an actionable goal that our governor can help us with. And it gives additional excuses to the Trump administration to seize power.


This got me thinking about an idea: can states fight back by granting their own ""State Citizenship""? Or rather, why does the constitution prevent states from doing that? Here are my legal arguments.

The Fourteenth Amendment states, ""All persons born or naturalized in the United States and subject to its jurisdiction, are citizens of the United States and of the State wherein they reside.â€ This defines a core group who are both U.S. and state citizens. Critically, this implies that the concept of state citizenship is distinct from US citizenship. It does not explicitly prohibit a state from extending its own state citizenship, scoped to be relevant exclusively within a single state, to individuals who do not necessarily meet the federal criteria for U.S. citizenship. It establishes a floor, not necessarily a ceiling, for state citizenship. Why must ""citizens of a state"" be exclusively a subset of ""citizens of the United States""?

# State reserved power

Conferring membership in the state's political body, particularly for individuals who lives exclusively within a single state, could be interpreted as a valid exercise of powers reserved to the states under the Tenth Amendment. States have long exercised their reserved powers to define residency for various purposes, from in-state tuition to voting in state elections. Defining membership in the state's political body for the purpose of exercising state-level rights and responsibilities is arguably within this sphere of reserved powers.

# Naturalization clause

Congress holds the power ""To establish a uniform Rule of Naturalization."" The word â€œnaturalizationâ€ pertains specifically to the process of becoming a U.S. citizen. It does not preempt a state's ability to complement that â€œuniform ruleâ€ by establishing other rules that confers state citizenship to additional people. In another word, the naturalization clause grants power to the federal government without taking it away from the states.

# State citizens are US nationals

While the federal government has â€œplenaryâ€ power over the admission and exclusion of â€œaliens"", the status of a state citizen introduces an interesting distinction. If California recognizes an individual as its citizen, particularly under a law requiring an oath of allegiance to the United States, could that individual still be classified as an ""alien"" under the Immigration and Nationality Act (INA)?

The INA defines a ""national of the United States"" as ""(A) a citizen of the United States, or (B) a person who, though not a citizen of the United States, owes permanent allegiance to the United States."" (8 U.S.C. Â§ 1101(a)(22)).

- A California state citizenship law could explicitly require recipients to swear or affirm permanent allegiance under oath to the United States through their allegiance to the State of California. This could qualify them as U.S. nationals under subsection (B).

- If state citizens are recognized as U.S. nationals, they are, by definition, not ""aliens"" under the INA (8 U.S.C. Â§ 1101(a)(3)). Since the INA's provisions regarding inadmissibility and deportability apply to ""aliens,"" establishing state citizenship could provide a powerful legal shield against deportation. Their state citizenship certificate could serve as prima facie evidence of their status as a US national, compelling federal authorities to recognize their right to enter and reside in their home state.

- The power to define who is a ""national"" of the United States belongs to the federal government. However, since that definition has already been established by the congress in INA, a state certifying permanent allegiance to the state, and therefore by extension to the United States, should be sufficient to establish US national status under existing statute.

Consider a future where the federal interpretation of ""subject to its jurisdiction"" in the Fourteenth Amendment is narrowed to exclude the U.S.-born children of visa holders or undocumented immigrants. A state like California could proactively enact state citizenship laws to ensure these children, born and raised in our state, are recognized as state citizens. Now that these people are under the exclusive jurisdiction of California, the federal government no longer possess the power to deport them due to lack of jurisdiction.

Yes, this is legally untested. It would absolutely be challenged and go to the Supreme Court. However, given the current political climate where long-established precedences are being challenged, we need equally bold responses from states committed to protecting their residents. If the federal government can reinterpret foundational constitutional clauses in ways that harm our communities, California should explore their own constitutional powers to provide refuge and recognition.",Apprehensive-Art3157,2025-06-09 23:48:12,https://www.reddit.com/r/LosAngeles/comments/1l7kb90/la_protestors_should_call_for_california_to/,LosAngeles,Los Angeles,CA,34.1141,-118.4068,Los Angeles,0.7
reddit,Tacos Gavilan is better than King Taco Iâ€™ve had Tacos Gavilan many times and for its price itâ€™s quite delicious. Iâ€™m obsessed with the Sopes. So freaking good. Iâ€™ve been recommended King Taco several times now because they supposedly have a better sopes. Wellâ€¦. The people who made the recommendation are wrong. Tacos Gavilan is much better. Better quality maize and meat. The one exception is the Agua Fresca Melon at King Taco my god what an amazing drink. So refreshing and delicious. Any way thatâ€™s it. Wanted to share something not related to or protesting going on right now. Have a nice day.,Joshhwwaaaaaa,2025-06-10 00:44:45,https://www.reddit.com/r/LosAngeles/comments/1l7lhn2/tacos_gavilan_is_better_than_king_taco/,LosAngeles,Los Angeles,CA,34.1141,-118.4068,Los Angeles,0.7
reddit,The Dangerous Truth About the â€˜Nonlethalâ€™ Weapons Used Against LA Protesters ,wiredmagazine,2025-06-09 23:11:37,https://www.wired.com/story/non-lethal-weapons-la-protests/,LosAngeles,Los Angeles,CA,34.1141,-118.4068,Los Angeles,0.7
reddit,"ICE Supposedly Staying at Courtyard Marriot in Monrovia, CA. SGV. Los Angeles Apparently ICE was staying in Pasadena. Got pushed out and came to stay at the Courtyard Marriott in Monrovia. They dont belong here either.",Designer_Stretch_130,2025-06-10 00:09:53,https://www.reddit.com/gallery/1l7ks2n,LosAngeles,Monrovia,CA,34.165,-117.9921,Los Angeles,0.9
reddit,"Post Pictures of LA Still Standing Beautifully After the Protests Conservative media outlets are claiming LA has been destroyed. They will continue to repeat this story until the midterm elections as proof that the country needs a ""strong leader who will send federal troops to defend US citizens"".

LA is obviously still standing and it will be after the protests. Social media (not really reddit because this place leans toward facts) needs to flooded with pictures of LA in all it's beauty, from the pier in Long Beach where I used to live (Long Beach, not the pier) to Griffith Park. Show the world LA exists and thrives with barely a blemish from this blip. Show them burgers from The Window and tacos from fusion trucks. 

Most importantly, don't tag your photos with overly political tags that will make the MAGA crowd suspicious of a psyop. Tag the posts with food, culture, and nature tags. Everything EXCEPT left leaning political tags.

Good luck to the protestors, and stay safe. Trump's attention span isn't long so this crisis will move somewhere else soon enough.",OsoBrazos,2025-06-09 23:45:12,https://www.reddit.com/r/LosAngeles/comments/1l7k8tk/post_pictures_of_la_still_standing_beautifully/,LosAngeles,Long Beach,CA,33.7977,-118.167,Los Angeles,0.9
reddit,"Troops, please stand down [Share everywhere]

AN APPEAL TO CONSCIENCE

To the National Guard and United States Marines Deployed in Los Angeles

Brothers and sisters in uniform,

We write not with anger, but with reverenceâ€”for the burdens you carry, the oaths youâ€™ve taken, and the deep moral questions before you.

You have been ordered into the streets of Los Angeles under a mission whose legality is in question and whose purpose runs contrary to the highest ideals of this Republic: that the armed forces of the United States shall never be used to threaten or suppress the people they are sworn to protect.

No lawful order compels you to violate the Constitution. No uniform silences the voice of your soul.

The people of Los Angeles are not your enemy. They are citizens. Families. Fellow Americans. Some cry out in anguish; others march in quiet resolve. Among them are clergy, veterans, children, the elderly, and immigrants whose only â€œcrimeâ€ is to seek safety and dignity.

We call on you nowâ€”not to rebel, but to remember:

To remember your humanity.

To remember the promise of your serviceâ€”to shield the weak, not be turned against them.

To remember that your highest loyalty is not to a single leader, but to the Constitution, your conscience, and the people.

If your heart is heavyâ€”if your spirit recoils at this missionâ€”know this:

You are not alone.

If you choose to lay down your arms and step awayâ€”if you cross the line and stand with the peopleâ€”you will be welcomed not as deserters, but as heroes.

We will receive you in peace.

There will be legal protection, safe shelter, and public gratitude.

There will be room in our homes and communities for those who choose the hard path of conscience over easy compliance.

This is not a call to lawlessness. It is a call to higher law.

It is a plea to the soul of the nation, spoken through you.

When the story of this moment is toldâ€”when children ask where you stoodâ€”may the answer be clear:

â€œI stood with the people.â€

We are waiting. Our hearts are open. We hold you in deepest hope with love.

Come home.
",topatopa2020,2025-06-09 23:48:16,https://www.reddit.com/r/LosAngeles/comments/1l7kbap/troops_please_stand_down/,LosAngeles,Los Angeles,CA,34.1141,-118.4068,Los Angeles,0.9
reddit,My video coverage of the protests in Paramount and DTLA on June 7th & 8th Stay safe everyone. I plan to be out all week and straight into the No Kings protest on Saturday. ,Sea_Ad_2972,2025-06-09 23:43:04,https://youtu.be/P5h_r-FfCRw?si=0VAXxy_3f5Qcv8y3,LosAngeles,Paramount,CA,33.8977,-118.1651,Los Angeles,0.9
reddit,"Parts of Los Angeles begin cleaning up after protests lead to looting, vandalism and arrests ",CityQuestion101,2025-06-09 23:13:41,https://www.cbsnews.com/amp/losangeles/news/downtown-la-protests-looting-burned-cars-vandalism-arrests/,LosAngeles,Los Angeles,CA,34.1141,-118.4068,Los Angeles,0.9
reddit,Rules of Engagement: A U.S. official says Marines will be armed with their normal service weapons but will not be carrying tear gas. ,nshire,2025-06-09 22:58:20,https://ktla.com/news/local-news/la-protests-live-updates-monday/,LosAngeles,Los Angeles,CA,34.1141,-118.4068,Los Angeles,0.7
reddit,Channel 5: Inside LA's Anti I.C.E. Riots (Night 1) ,PlasticGirl,2025-06-09 21:57:12,https://www.youtube.com/watch?v=BE3OYFXW-Eo,LosAngeles,Los Angeles,CA,34.1141,-118.4068,Los Angeles,0.7
reddit,"How to get supplies to protesters? Hi there! 

I want to be able to drop off masks and milk to folks protesting ICE and Trumpâ€™s stupid ass administration.

Iâ€™m just not sure if there is a drop off point where it would get to the people that need it.

I love this city and I love everyone in it (that is not a cop or military) and I want to support my folks on the front lines. 

Any ideas? 

Also, happy pride. Always remember, the first pride was a riot, and thus, we walk in their shoes to continue our freedom. 


EDIT: thank you all for your help. I will be returning the favor to those out there doing the heavy lifting. Appreciate you all. ",good1sally,2025-06-09 21:46:44,https://www.reddit.com/r/LosAngeles/comments/1l7hj50/how_to_get_supplies_to_protesters/,LosAngeles,Los Angeles,CA,34.1141,-118.4068,Los Angeles,0.7
reddit,700 Marines deployed to Los Angeles amid ICE protests ,LittleToke,2025-06-09 21:31:13,https://abc7.com/post/700-marines-deployed-los-angeles-amid-ice-protests/16707616/,LosAngeles,Los Angeles,CA,34.1141,-118.4068,Los Angeles,0.9
reddit,"I would like to join in on the protest tomorrow, but Iâ€™m not sure where to go As the title says I would like to participate in the protest. Iâ€™m not really sure where to go or where to find that information. 

Any help would be greatly appreciated! 

",cysora,2025-06-09 21:04:54,https://www.reddit.com/r/LosAngeles/comments/1l7ghp3/i_would_like_to_join_in_on_the_protest_tomorrow/,LosAngeles,Los Angeles,CA,34.1141,-118.4068,Los Angeles,0.7
reddit,June 8 Protest Pics I'm not much of a photographer but I managed to take some pics. ,ChampionshipBrief610,2025-06-09 20:56:08,https://www.reddit.com/gallery/1l7g9og,LosAngeles,Los Angeles,CA,34.1141,-118.4068,Los Angeles,0.7
reddit,"500 Marines being mobilized Source: CNN

Update: revised to â€œabout 700â€ Marines

Roughly 500 Marines based out of the Marine Corps Air Ground Combat Center in California have been mobilized to respond to the protests in Los Angeles, according to three people familiar with the matter, and will join the National Guard troops that were activated by President Donald Trump over the weekend without the consent of Californiaâ€™s governor or the cityâ€™s mayor.

https://www.cnn.com/us/live-news/la-protests-ice-raids-trump-06-09-25#cmbpf2l0s00003b6mldlq5r1h

USNORTHCOM press release: https://www.northcom.mil/Newsroom/Press-Releases/Article/4210889/usnorthcom-statement-on-additional-military-personnel-in-the-los-angeles-area/",covert_program,2025-06-09 19:44:03,https://www.reddit.com/r/LosAngeles/comments/1l7edxg/500_marines_being_mobilized/,LosAngeles,Los Angeles,CA,34.1141,-118.4068,Los Angeles,0.9
reddit,Amazing set of protest photos from u/akhilgeorge (via r/pics) ,VaguelyArtistic,2025-06-09 20:40:10,https://www.reddit.com/r/pics/comments/1l6zmt0/la_protests/?utm_source=share&utm_medium=mweb3x&utm_name=mweb3xcss&utm_term=1&utm_content=share_button,LosAngeles,Los Angeles,CA,34.1141,-118.4068,Los Angeles,0.7
reddit,Visual timeline shows how the Los Angeles ICE protests unfolded ,CBSnews,2025-06-09 19:55:16,https://www.cbsnews.com/news/los-angeles-ice-protests-timeline/,LosAngeles,Los Angeles,CA,34.1141,-118.4068,Los Angeles,0.9
reddit,"Protest: ICE @ Embassy Suites Glendale, 6:30 PM It is reported that ICE agents are staying at Embassy Suites in Glendale on Central/Burchett (Central/134). Would anyone like to join me in protesting outside of the hotel at 6:30PM? 

Pasadena was able to get them out of their hotel.. hoping we can do the same. ",littlefatbaby,2025-06-09 20:22:58,https://www.reddit.com/r/LosAngeles/comments/1l7feuo/protest_ice_embassy_suites_glendale_630_pm/,LosAngeles,Glendale,AZ,33.5791,-112.2311,Maricopa,0.9
reddit,"[OUR WEBSITE] LA Unified leaders decry immigration raids as stoking fear during graduation season Los Angeles Unified leaders on Monday decriedÂ [federal immigration raids](https://laist.com/news/federal-agents-immigration-raids-across-la)Â for stoking fear as thousands of students celebrate the end of the school year.

â€œGraduation season is sacred. It is a time of celebration, not intimidation,â€ said LAUSD Board Vice President RocÃ­o Rivas. â€œItâ€™s a time for honoring student achievement, not inflicting fear. Sending ICE into our communities at this moment is a deliberate act.â€

Superintendent Alberto Carvalho and the Board of Education convened the news conference at the districtâ€™s headquarters in downtown L.A. to condemn the immigration enforcement actions, ask the federal government to recall the National Guard and outline steps to protect students, families and employees as the school year ends.

The district will increase school police presence at dozens of high school graduation ceremonies Monday and Tuesday.",WeAreLAist,2025-06-09 20:07:00,https://laist.com/news/education/la-unified-ice-national-guard-response,LosAngeles,Los Angeles,CA,34.1141,-118.4068,Los Angeles,0.9
reddit,Trump tells officers to use excessive force if protesters spit at them ,Dependent_Tutor_5289,2025-06-09 19:27:36,https://www.reddit.com/gallery/1l7dyji,LosAngeles,Los Angeles,CA,34.1141,-118.4068,Los Angeles,0.7
reddit,"Who? part 2 the chants of ""SHAME"" were some of my favorite moments yesterday. that and the signs for neighbors and folks looking out for the health and safety of neighboring protestors. 

i haven't been taking photographs at protests for a few years now, been thinking about the anonymity of protestors since it became more of a subject in 2020, but was compelled to yesterday. 

continued strength and safety to those who choose to show up throughout the following days. ",Used-Cash-1633,2025-06-09 18:46:21,https://www.reddit.com/gallery/1l7cvwe,LosAngeles,Los Angeles,CA,34.1141,-118.4068,Los Angeles,0.7
reddit,DHS Black Hawks and Military Aircraft Surveil the LA Protests ,thatkidwithayoyo,2025-06-09 18:46:29,https://www.404media.co/dhs-black-hawks-and-military-aircraft-surveil-the-la-protests/,LosAngeles,Los Angeles,CA,34.1141,-118.4068,Los Angeles,0.7
reddit,History repeats itself Recently found some old news clippings from the 1992 Rodney King protests and thought the timing was fitting to share.,heyhowyadewin,2025-06-09 17:54:08,https://www.reddit.com/gallery/1l7bjbm,LosAngeles,Los Angeles,CA,34.1141,-118.4068,Los Angeles,0.7
reddit,Rapper The Game shares support for Latino community amid anti-ICE protests: â€˜I stand with yâ€™allâ€™ ,Radiant_Chemical7488,2025-06-09 18:03:55,https://www.foxla.com/news/rapper-the-game-speaks-out-on-la-ice-protests.amp,LosAngeles,Los Angeles,CA,34.1141,-118.4068,Los Angeles,0.7
reddit,"Anybody know trusted protest organizers? Looking to get more informed and involved with the community in defense to what the administration is currently doing. I think Iâ€™m finally mad enough to want to be out there ACTUALLY protecting and serving for our rights. As an introvert I hate speaking my mind and sharing my ideas, but as a human I know I can better help oragnize and maybe orchestrate. Please reach out

Sincerely, Fed Up.",Ok-Dog-887,2025-06-09 17:47:17,https://www.reddit.com/r/LosAngeles/comments/1l7bcsh/anybody_know_trusted_protest_organizers/,LosAngeles,Los Angeles,CA,34.1141,-118.4068,Los Angeles,0.7
reddit,"Classic blue Dodger caps could be a way to make protesters extremely hard to affirmatively identify. We all know the so-called administration is going to do everything in its power to capture and prosecute those protesting ICE and the military's invasion of our city. What if most of these protesters are wearing the same hat? They help to obscure faces which is the easiest way to identify people both in the moment and through photos after the face. People at immediate risk of being detained could slip back into a sea of Dodger blue hats and the cops will lose them.  

They are such a central part of LA street style so protesters could easily duck away from the protests and pose as passersby. If we start doing this, it's not like they can arrest everyone in LA who dares to walk around in a Dodger hat. Not to give them any ideas, but they'd have to turn Dodger Stadium into a makeshift jail to do that. 

Much of our city already owns a Dodger hat and they are easily accessible to those who don't. This is just a potential strategy to make things a bit harder on the fascists invading our city and, ideally, waste a lot of their time trying to discern specific Dodger hat wearers from crowds of Dodger hat wearers. ",KTnash,2025-06-09 17:30:32,https://www.reddit.com/r/LosAngeles/comments/1l7awt9/classic_blue_dodger_caps_could_be_a_way_to_make/,LosAngeles,Los Angeles,CA,34.1141,-118.4068,Los Angeles,0.7
reddit,ICE Protests DTLA 6/8/25 ðŸ“¸ Ian Zandi,ianzandi,2025-06-09 15:52:08,https://www.reddit.com/gallery/1l78cz3,LosAngeles,Los Angeles,CA,34.1141,-118.4068,Los Angeles,0.7
reddit,Protester trampled by police horses and then shot in the head with a rubber bullet at close range ,aIIisonmay,2025-06-09 15:40:33,https://v.redd.it/ixz28du19x5f1,LosAngeles,Los Angeles,CA,34.1141,-118.4068,Los Angeles,0.7
reddit,"No Kings March: Saturday June 14th This is happening nationwide, itâ€™s crucial we send a peaceful message. This is bigger than political parties. Whether you disagree or not, this is our American right and duty. 

See you guys there. 12-2PM Daley Plaza

https://mobilize.us/s/R6a8fc",spencerm269,2025-06-08 22:14:05,https://www.reddit.com/r/chicago/comments/1l6ofkx/no_kings_march_saturday_june_14th/,Chicago,Chicago,IL,41.8375,-87.6866,Cook,0.7
reddit,Anyone else fed up with sports teams getting police escorts? I have the unfortunate reality of living off Irving Park and also I am on the Kennedy frequently. Anyone else annoyed by the fact thatâ€™s sports teams get police escorts everywhere on their buses and donâ€™t have to wait in traffic like us plebs? ,shades_of_jay,2025-06-06 22:56:54,https://www.reddit.com/r/chicago/comments/1l55zt7/anyone_else_fed_up_with_sports_teams_getting/,Chicago,Chicago,IL,41.8375,-87.6866,Cook,0.7
reddit,Chicago Police Officer Killed in the Line of Duty ,rckid13,2025-06-06 13:44:03,https://www.cbsnews.com/chicago/news/chicago-police-officer-shot-chatham-neighborhood/,Chicago,Chicago,IL,41.8375,-87.6866,Cook,0.9
reddit,"Chicago police, suburban departments seen assisting ICE during chaotic immigration enforcement blitz ",Traditional-Tea2869,2025-06-06 00:03:01,https://unraveledpress.com/chicago-police-suburban-departments-seen-assisting-ice-during-chaotic-immigration-enforcement-blitz/,Chicago,Chicago,IL,41.8375,-87.6866,Cook,0.9
reddit,"ICE Protests (Peaceful vs Violent) Curious if anyone knows of any planned anti-ICE protests or groups that aren't affiliated with antifa, violence, communism, Palestine, etc...

I'm one of millions of people that would like to take the streets with my family and American flags to protest what this administration is doing to our hard working neighbors. I truly believe a show of force like this is how we'll stop Trump in his tracks.

Burning cars and throwing rocks sounds like fun for 20 year old me, but 40 year old me with a family knows that it won't get us anywhere and plays right into Trump's hands.

I know this probably isn't the right sub to ask, but I'm certain there's countless people out there that feel the same way. Thoughts? ",48toSeattle,2025-06-10 03:51:48,https://www.reddit.com/r/Seattle/comments/1l7p5bf/ice_protests_peaceful_vs_violent/,Seattle,Palestine,TX,31.7544,-95.6471,Anderson,0.9
reddit,"Macklemoreâ€™s Seattle residence targeted in home invasion, police say ",spoiled__princess,2025-06-09 23:42:19,https://www.seattletimes.com/seattle-news/law-justice/macklemores-seattle-residence-targeted-in-home-invasion-police-say/,Seattle,Seattle,WA,47.6211,-122.3244,King,0.9
reddit,Anti-Ice Protest Scheduled for Tomorrow at the Federal Building ,QueerMommyDom,2025-06-09 22:37:25,https://www.reddit.com/gallery/1l7iqmc,Seattle,Seattle,WA,47.6211,-122.3244,King,0.7
reddit,"Will the space needle raise the pride flag this year? Anybody know? The Space Needle has waffled on this in the past and in light of the recent activities in Cal Anderson park I feel like this year it is more important than ever for the Space Needle to show some pride.

Iâ€™ve heard a handful of local community members voice fear that the police may not be there to keep us safe this year but to enable shenanigans from counter protestors just like they did in Cal Anderson park a few weeks ago. 

I personally just want safe passage to walk in the parade, jump in the fountain, and eat a corn dog under the space needle. Can we please just do the pride thing right this year? ",DependentCommittee54,2025-06-09 22:26:12,https://i.redd.it/us5gjscf9z5f1.jpeg,Seattle,Seattle,WA,47.6211,-122.3244,King,0.7
reddit,"Police investigate after woman assaulted, â€˜thousandsâ€™ stolen in home invasion targeting Capitol Hill mansion ",Inevitable_Engine186,2025-06-09 19:07:05,https://www.capitolhillseattle.com/2025/06/police-investigate-after-woman-assaulted-thousands-stolen-in-home-invasion-targeting-capitol-hill-mansion/?utm_source=dlvr.it&utm_medium=bluesky,Seattle,Seattle,WA,47.6211,-122.3244,King,0.7
reddit,Seattle police investigating U District shooting ,chiquisea,2025-06-09 18:09:32,https://www.kuow.org/stories/seattle-police-investigating-shooting-after-large-party-in-u-district,Seattle,Seattle,WA,47.6211,-122.3244,King,0.9
reddit,"any anti-ICE protests today? Iâ€™m done with watching this shit, laying in bed depressed, staring at my phone. Iâ€™m fucking pissed.",what-a-moment,2025-06-09 16:41:37,https://www.reddit.com/r/Seattle/comments/1l79mz0/any_antiice_protests_today/,Seattle,Seattle,WA,47.6211,-122.3244,King,0.7
reddit,"Stolen Bike I know this is a long shot. 

My brown Kona Rover bike with bright turquoise pedals  was stolen today around 7:35 pm near Wallingford area and was tracked down around UW campus.

If anyone sees it around or maybe for sell somewhere - could you message me?

(I already filed a police report and the UW police found my phone in the bushes ðŸ™ŒðŸ¼)",_collectionofcells,2025-06-09 06:04:30,https://www.reddit.com/gallery/1l6xcea,Seattle,Wallingford,IA,43.3203,-94.7922,Emmet,0.9
reddit,Police shooting claims one life in SE Oklahoma City ,ThePocketFriend,2025-06-04 18:12:21,https://freepressokc.com/police-shooting-claims-one-life-in-se-oklahoma-city/,BlackLivesMatter,,,,,,0.3
reddit,George Floydâ€™s brother: I always knew â€˜defund policeâ€™ missed the point ,TimesandSundayTimes,2025-05-27 16:44:11,https://www.thetimes.com/us/american-politics/article/george-floyd-black-lives-matter-7kqv3t0z8,BlackLivesMatter,,,,,,0.3
reddit,"Girl, 17, injured in brutal body slam by police in Southern California ",Fcking_Chuck,2025-05-26 20:28:44,https://ktla.com/news/local-news/girl-17-injured-in-brutal-body-slam-by-police-in-southern-california/,BlackLivesMatter,,,,,,0.3
reddit,"On May 25, 2020, Police officer Derek Chauvin's knee pinned African American George Floyd to the ground during his arrest and murder while he was being held in Minneapolis police custody, according to video that sparked national outcry and protests ðŸ‡ºðŸ‡¸. ",AcademicComparison61,2025-05-25 10:06:55,https://i.redd.it/pipl1lfkjw2f1.jpeg,BlackLivesMatter,,,,,,0.3
reddit,Miami Police Cleared in Shooting of Mentally Ill Man With Screwdriver ,Impossible_Big_2641,2025-05-16 17:45:34,https://www.miaminewtimes.com/news/miami-police-cleared-in-shooting-of-mentally-ill-man-with-screwdriver-23113047,BlackLivesMatter,,,,,,0.3
reddit,Tyre Nichols death: Ex-police officers found not guilty of murdering motorist in US ,FruitOrchards,2025-05-07 19:28:58,https://news.sky.com/story/tyre-nichols-death-ex-police-officers-found-not-guilty-of-murdering-motorist-in-us-13363351,BlackLivesMatter,,,,,,0.3
reddit,"On this day April 20, 2021, Former police officer Derek Chauvin convicted of the murder of George Floyd in Minneapolis, in a case that prompted huge nationwide racial justice protests ðŸ‡ºðŸ‡¸. ",AcademicComparison61,2025-04-20 15:06:18,https://i.redd.it/emhzwp0790we1.jpeg,BlackLivesMatter,Minneapolis,MN,44.9635,-93.2678,Hennepin,0.9
reddit,Please support and call for the reprimand and termination of the Roanoke Police Officers Involved ,WycheTheGod,2025-04-13 03:57:26,/r/roanoke/comments/1jm5mcd/anybody_have_info_on_the_viral_roanoke_police/,BlackLivesMatter,,,,,,0.3
reddit,Shooting someone in the BACK 5 times = self defense ?? ,unknown,2025-03-19 06:14:51,https://www.reddit.com/r/BlackLivesMatter/comments/1jeqkio/shooting_someone_in_the_back_5_times_self_defense/,BlackLivesMatter,,,,,,0.3
reddit,Justice Department deletes database tracking federal police misconduct ,Fcking_Chuck,2025-02-21 16:27:02,https://www.washingtonpost.com/dc-md-va/2025/02/20/trump-justice-nlead-database-deleted/,BlackLivesMatter,,,,,,0.3
reddit,Find a protest near you! https://www.findaprotest.info/?radius=5,sensitivesashimi,2025-02-18 16:42:25,https://www.reddit.com/r/BlackLivesMatter/comments/1ish10e/find_a_protest_near_you/,BlackLivesMatter,,,,,,0.3
reddit,Chief Bob Day Statement on 2022 Normandale Park Shooting ,lispstickgardening,2025-02-02 14:41:03,https://youtu.be/9qmL3eamJLY?si=eTuYoQddrPNbjOjj,BlackLivesMatter,,,,,,0.3
reddit,"Requesting police accountability should not be stigmatized
 ",Friendly-Builder-468,2025-01-17 04:52:47,https://i.redd.it/hh352fa2jhde1.png,BlackLivesMatter,,,,,,0.3
reddit,"Urgent Help Needed - NYC Hi everyone, 

Iâ€™m reaching out because my loved one was recently arrested, and Iâ€™m looking for legal advice or resources to help navigate this situation. Specifically, Iâ€™d appreciate recommendations for:

	â€¢	Lawyers who specialize in police misconduct or unfair treatment
	â€¢	Organizations or groups that advocate for justice in Black communities
	â€¢	Any legal aid programs that offer affordable or free assistance

This has been an overwhelming experience, and I want to ensure weâ€™re handling it the best way possible. If you know of anyone or have been through something similar, please share any advice or contacts. If these topics have been shared before, please feel free to redirect me. Im also open to DMs regarding this situation. 

Thank you so much for your support, and have a great New Year.",Reasonable_Split_613,2025-01-01 01:33:59,https://www.reddit.com/r/BlackLivesMatter/comments/1hqsvp7/urgent_help_needed_nyc/,BlackLivesMatter,,,,,,0.3
reddit,Police body-cam footage of NY Corrections officers beating Robert Brooks to death on December 9th ,TheYellowRose,2024-12-28 02:53:58,https://v.redd.it/pbndll3icg9e1,BlackLivesMatter,,,,,,0.3
reddit,MO Governor pardons a police officer convicted of lynching ,TheYellowRose,2024-12-24 23:35:32,https://i.redd.it/8hvqqcmpwu8e1.jpeg,BlackLivesMatter,,,,,,0.3
reddit,Ontario chief coroner investigating death of Windsor man outside police headquarters ,GoTellSomeOne,2024-12-13 03:51:15,https://windsorstar.com/news/local-news/ontario-chief-coroner-investigating-death-of-windsor-man-outside-police-headquarters?tbref=hp,BlackLivesMatter,Ontario,CA,34.0393,-117.6064,San Bernardino,0.9
reddit,"How to start a protest? Hey !! So I've never organized a protest before, but I *really* want to, and was hoping I could get some advice, maybe some do's and don't's? 

much love !!",Wandamaxipad,2024-12-12 21:22:37,https://www.reddit.com/r/BlackLivesMatter/comments/1hcvs3n/how_to_start_a_protest/,BlackLivesMatter,,,,,,0.3
reddit,"Las Vegas police kill victim of home invasion, Brandon Durham, who called 911 for help - ABC7 Los Angeles ",TheYellowRose,2024-11-18 02:46:00,https://abc7.com/post/las-vegas-police-kill-victim-of-home-invasion-who-called-911-for-help/15549861/,BlackLivesMatter,Las Vegas,NV,36.2333,-115.2654,Clark,0.9
reddit,White woman found guilty of shooting black woman  [https://www.nbcnews.com/news/us-news/florida-woman-fatally-shot-neighbor-rcna166629](https://www.nbcnews.com/news/us-news/florida-woman-fatally-shot-neighbor-rcna166629),Remarkable-Rate-9688,2024-11-11 01:20:59,https://www.reddit.com/r/BlackLivesMatter/comments/1gogg0q/white_woman_found_guilty_of_shooting_black_woman/,BlackLivesMatter,,,,,,0.3
reddit,"cousin killed by police and iâ€™m looking for resources hi, iâ€™m sorry if this is not appropriate but iâ€™ve been looking all over and havenâ€™t been able to find anything. my cousin that was like a brother to me was killed by police in a mental health center while having a schizophrenic episode. he is not black however i absolutely do believe this is a case of unnecessary use of deadly force. iâ€™m having a very hard time coping, i feel like the police are lying about what happened because it doesnâ€™t add up and theyâ€™re releasing as little information as possible about the incident while releasing information about my cousinâ€™s mental health and â€œcrimesâ€. i would really appreciate it if anyone could point me towards resources or groups with people who have been through something similar. thank you. 

edit: i am not looking for legal resources since im leaving that up to my uncle, im more so looking for emotional support",MedusaRondanini,2024-11-07 17:19:07,https://www.reddit.com/r/BlackLivesMatter/comments/1glvoyn/cousin_killed_by_police_and_im_looking_for/,BlackLivesMatter,,,,,,0.3
reddit,Remember: Trump wants to give police immunity ,hoodratpolitics,2024-10-31 17:30:44,https://v.redd.it/d89fgwpwm4yd1,BlackLivesMatter,,,,,,0.3
